SKU,Descripcion,Familia,Linea,Fabricante,Precio_Lista,Moneda,Porcentaje_IVA,Porcentaje_IEPS
DEXTRO 08,DISPLAY TABLETA EFERVESCENTE 82G ZERO NARANJA 12 PZ,DEXTRO,DEXTRO,DEXTRO,2693.63,Pesos,16,0
DEXTRO 09,DISPLAY TABLETA EFERVESCENTE 82G ZERO LIMON 12 PZ,DEXTRO,DEXTRO,DEXTRO,2693.63,Pesos,16,0
DEXTRO 10,DISPLAY TABLETA EFERVESCENTE 82G ZERO CEREZA 12 PZ,DEXTRO,DEXTRO,DEXTRO,2693.63,Pesos,16,0
DEXTRO 11,PAQUETE TABLETA EFERVESCENTE 82G ZERO SURIDOS 12 PZ,DEXTRO,DEXTRO,DEXTRO,2693.63,Pesos,16,0
DEXTRO 24,DISPLAY BARRA DE PROTEINA CHOCOLATE 24 PZ 50G,DEXTRO,DEXTRO,DEXTRO,2222.22,Pesos,0,8
DEXTRO 26,DISPLAY BARRA DE PROTEINA CARAMEL COOKIE 24 PZ 50G,DEXTRO,DEXTRO,DEXTRO,2222.22,Pesos,0,8
DEXTRO 28,DISPLAY BARRA DE PROTEINA VAINILLA COCO 24 PZ 50G,DEXTRO,DEXTRO,DEXTRO,2222.22,Pesos,0,8
DEXTRO 30,PAQUETE BARRA DE PROTEINA SURTIDOS 24 PZ 50G,DEXTRO,DEXTRO,DEXTRO,2222.22,Pesos,0,8
DEXTRO 31,DISPLAY BARRA DE ENERGIA VAINILLA 24 PZ 50 GRS,DEXTRO,DEXTRO,DEXTRO,2222.22,Pesos,0,8
DEXTRO 33,PAQUETE BARRA DE ENERGIA Y PROTEINA 24 PZ 50 GRS,DEXTRO,DEXTRO,DEXTRO,2222.22,Pesos,0,8
62213 PACK,PACK 12 PZ JELLY BELLY BEAN BOOZLED GB  3.5 OZ,GOMITAS,JELLY BELLY,JELLY BELLY,2200,Pesos,0,8
63965 PACK,PACK 12 PZ JELLY BELLY BEAN BOOZLED DISPENSER  3.5 OZ,GOMITAS,JELLY BELLY,JELLY BELLY,2200,Pesos,0,8
64885 PACK,PACK 12 PZ JB BEAN BOOZLED EXTREME SPINNER GIFT BOX 120 GRS,GOMITAS,JELLY BELLY,JELLY BELLY,2200,Pesos,0,8
B572004 PFS,SOUR RAINBOW/TUTTI FRUTII BELTS 1.6 KG X 6 PZAS,DULCE C/AZ,CT BRANDS,CT BRANDS,1804.8,Pesos,0,8
DEXTRO 16,DISPLAY BEBIDA EN GEL NARANJA 60 ML 18 PZ,DEXTRO,DEXTRO,DEXTRO,1796.74,Pesos,16,0
DEXTRO 17,DISPLAY BEBIDA EN GEL CLASICO 60 ML 18 PZ,DEXTRO,DEXTRO,DEXTRO,1796.74,Pesos,16,0
DEXTRO 18,DISPLAY BEBIDA EN GEL MANZANA 60 ML 18 PZ,DEXTRO,DEXTRO,DEXTRO,1796.74,Pesos,16,0
DEXTRO 19,DISPLAY BEBIDA EN GEL TORONJA + SODIO 60 ML 18 PZ,DEXTRO,DEXTRO,DEXTRO,1796.74,Pesos,16,0
DEXTRO 20,PAQUETE BEBIDA EN GEL SURTIDOS 60 ML 18 PZ,DEXTRO,DEXTRO,DEXTRO,1796.74,Pesos,16,0
DEXTRO 35,DISPLAY BEBIDA EN GEL GROSELLA NEGRA 60 ML 18 PZ,DEXTRO,DEXTRO,DEXTRO,1796.74,Pesos,16,0
784L,JELLY BELLY SABORES SURTIDOS 10 LBS.,NULL,JELLY BELLY,JELLY BELLY,1467.4,Pesos,0,8
DEXTRO 12,PAQUETE TABLETA EFERVESCENTE 82G ZERO SURTIDOS 6 PZ,DEXTRO,DEXTRO,DEXTRO,1372.68,Pesos,16,0
882L,JELLY BELLY SUNKIST LEMON 10 LBS,NULL,JELLY BELLY,JELLY BELLY,1334,Pesos,0,8
888L,JELLY BELLY SMOTHIE BLEND 10 LBS,NULL,JELLY BELLY,JELLY BELLY,1334,Pesos,0,8
956L,JELLY BELLY SUNKIST LIME 10 LBS.,GOMITAS,JELLY BELLY,JELLY BELLY,1334,Pesos,0,8
964L,JELLY BELLY KIDS MIX 10 LBS.,NULL,JELLY BELLY,JELLY BELLY,1334,Pesos,0,8
968L,JELLY BELLY MARGARITA 10 LBS.,GOMITAS,JELLY BELLY,JELLY BELLY,1334,Pesos,0,8
970L,JELLY BELLY JEWEL BERRY BLUE 10 LBS.,NULL,JELLY BELLY,JELLY BELLY,1334,Pesos,0,8
971L,JELLY BELLY JEWEL BLUEBERRY 10 LBS.,NULL,JELLY BELLY,JELLY BELLY,1334,Pesos,0,8
972L,JELLY BELLY TOASTED MARSHMALLOW 10 LBS,GOMITAS,JELLY BELLY,JELLY BELLY,1334,Pesos,0,8
976L,JELLY BELLY JEWEL SOUR APPLE 10 LBS.,NULL,JELLY BELLY,JELLY BELLY,1334,Pesos,0,8
986L,JELLY BELLY JEWEL SABORES SURTIDOS 10 LBS.,NULL,JELLY BELLY,JELLY BELLY,1334,Pesos,0,8
23011,DULCE MACIZO CANDY BLOCKS CAJA CON 5 KG,DULCES,TOOTSIE ROLL,TOOTSIE ROLL,1300,Pesos,0,8
ARETE RITTER,EXHIBIDOR DE ARETE RITTER SPORT,NULL,RITTER,RITTER,1275,Pesos,16,0
DEXTRO 22,DISPLAY  (SPORT TABLETS) CARAMELOS DE DEXTROSA 12 PZ,DEXTRO,DEXTRO,DEXTRO,1222.22,Pesos,0,8
CANASTAGDE,CANASTA NAVIDE�A GRANDE,NULL,RITTER,RITTER,1215.5,Pesos,0,8
SUAJE,SUEAJE DE LA CAJA CCC3 NUEVA CON MEDIDAS 15X15X21.5,NULL,RITTER,RITTER,1200,Pesos,16,0
DEXTRO 14,DISPLAY RECOVERY FRUTAS TROP 44.5G 14 PZ,DEXTRO,DEXTRO,DEXTRO,1180.93,Pesos,16,0
DEXTRO 25,PAQUETE BARRA DE PROTEINA CHOCOLATE 12 PZ 50G,DEXTRO,DEXTRO,DEXTRO,1157.41,Pesos,0,8
DEXTRO 27,PAQUETE BARRA DE PROTEINA CARAMEL COOKIE 12 PZ 50G,DEXTRO,DEXTRO,DEXTRO,1157.41,Pesos,0,8
DEXTRO 29,PAQUETE BARRA DE PROTEINA VAINILLA COCO 12 PZ 50G,DEXTRO,DEXTRO,DEXTRO,1157.41,Pesos,0,8
DEXTRO 32,PAQUETE BARRA DE ENERGIA VAINILLA 12 PZ 50 GRS,DEXTRO,DEXTRO,DEXTRO,1157.41,Pesos,0,8
DEXTRO 34,PAQUETE BARRA DE ENERGIA Y PROTEINA 12 PZ 50 GRS,DEXTRO,DEXTRO,DEXTRO,1157.41,Pesos,0,8
RITTER10-4,KIT 10 DE MAYO 2020 - 4,TABLETAS CHOCOLATE,RITTER,RITTER,1157.41,Pesos,0,8
DEXTRO 05,"ISO FAST FRUTAS 1,120 GRS. 1 PZA",DEXTRO,DEXTRO,DEXTRO,1101.79,Pesos,16,0
DEXTRO 06,"ISO FAST NARANJA 1,120 GRS. 1 PZA",DEXTRO,DEXTRO,DEXTRO,1101.79,Pesos,16,0
943,JELLY BELLY RASPBERRY KG,NULL,JELLY BELLY,JELLY BELLY,1050,Pesos,0,8
943L,JELLY BELLY RASPBERRY 10 LBS.,NULL,JELLY BELLY,JELLY BELLY,1050,Pesos,0,8
480647 PFS,QUATRRO BELTS BULK 9 KG,DULCE C/AZ,FASCINI,FASCINI,1045,Pesos,0,8
DEXTRO 36,PAQUETE BEBIDA EN GEL SURTIDOS 60 ML 9 PZ,DEXTRO,DEXTRO,DEXTRO,963.96,Pesos,16,0
RITTER10-3,KIT 10 DE MAYO 2020 - 3,TABLETAS CHOCOLATE,RITTER,RITTER,921.3,Pesos,0,8
EX119 TEN PACK,PAQUETE DE 10 PIEZAS DE CHOCOLATE DE CORN FLAKES,TABLETAS CHOCOLATE,RITTER,RITTER,915.7405,Pesos,0,8
EF9330 PACK,PACK 10 PZ CHOCOLATE AMARGO 74% COCOA,TABLETAS CHOCOLATE,RITTER,RITTER,900,Pesos,0,8
EF9389 PACK,PACK 10 PZ CHOCOLATE AMARGO 81% COCOA 100G,TABLETAS CHOCOLATE,RITTER,RITTER,900,Pesos,0,8
UE2219 PACK,10 PZ CHOCO CON LECHE RELLENO DE MANTEQUILLA Y CARAMELO 100G,TABLETAS CHOCOLATE,RITTER,RITTER,887,Pesos,0,8
DEXTRO 21,PAQUETE BEBIDA EN GEL SURTIDOS 60 ML 8 PZ,DEXTRO,DEXTRO,DEXTRO,856.02,Pesos,16,0
13656525,GOMA DE AROS GRANEL 5 KILOS,GOMITAS,BALMORO,BALMORO,850,Pesos,0,8
15996897,GOMA DE FRUTAS A GRANEL 5 KILOS,GOMITAS,BALMORO,BALMORO,850,Pesos,0,8
10 PACK FW7049,RITTER SPORT CHOC CON LECHE CON ALMENDRA MIEL Y SAL 10 PZAS,TABLETAS CHOCOLATE,RITTER,RITTER,832.4074,Pesos,0,8
EF9319 TEN PACK,PAQUETE 10 PIEZAS CHOCOLATE AMARGO 55% COCOA,TABLETAS CHOCOLATE,RITTER,RITTER,832.4074,Pesos,0,8
EF9320 TEN PACK,PAQUETE 10 PIEZAS CHOCOLATE AMARGO 61% COCOA 100 G,TABLETAS CHOCOLATE,RITTER,RITTER,832.4074,Pesos,0,8
PACK FS62609, RITTER SPORT CHOCOLATE 70% CACAO PQUETE DE 10 PIEZAS,TABLETAS CHOCOLATE,RITTER,RITTER,832.4074,Pesos,0,8
UE67099 PACK,CHOCOLATE CON LECHE CON PISTACHE RITTER CON 10 PZAS 1000 g,TABLETAS CHOCOLATE,RITTER,RITTER,832.4074,Pesos,0,8
WF7086 PACK,PAQUETE DE 10 PIEZAS DE CHOCOLATE AMARGO CON ALMENDRAS,TABLETAS CHOCOLATE,RITTER,RITTER,832.407,Pesos,0,8
WF7019 PACK,PACK 10 PZ CHOCOLATE BLANCO CON AVELLANAS ENTERAS 100 GRS,TABLETAS CHOCOLATE,RITTER,RITTER,832.4,Pesos,0,8
WF7076 PACK,PACK 10 PZ CHOCOLATE CON NUEZ DE LA INDIA 100 GRS,TABLETAS CHOCOLATE,RITTER,RITTER,832.4,Pesos,0,8
DEXTRO 07,"PAQUETE POLVO ISO DRINK 440G 1 NARANJA Y 1 CITRUS, 2 PZS",DEXTRO,DEXTRO,DEXTRO,830.97,Pesos,16,0
1007577270,GOMA ENCHILADA DE FRUTAS GRANEL 5 KILOS,GOMITAS,BALMORO,BALMORO,830,Pesos,0,8
1082931224,GOMA ENCHILADA DE AROS GRANEL 5 KILOS,GOMITAS,BALMORO,BALMORO,830,Pesos,0,8
DEXTRO 01,DISPLAY ISO FAST 56G FRUIT MIX 12 PIEZAS,DEXTRO,DEXTRO,DEXTRO,829.12,Pesos,16,0
DEXTRO 02,DISPLAY ISO FAST 56G NARANJA 12 PIEZAS,DEXTRO,DEXTRO,DEXTRO,829.12,Pesos,16,0
EX189 PACK,PACK 10 PZ CHOCO CON LECHE EXTRAFINO RITTER 100 G,TABLETAS CHOCOLATE,RITTER,RITTER,800,Pesos,0,8
EX259 PACK,PACK 10 PZ CHOCOLATE AMARGO CON MAZAPAN RITTER 100 G,TABLETAS CHOCOLATE,RITTER,RITTER,800,Pesos,0,8
EX2699 PACK,PACK 10 PZ CHOCO LECHE FRESA CON YOGURTH RITTER 100 G,TABLETAS CHOCOLATE,RITTER,RITTER,800,Pesos,0,8
EX2989 PACK,PACK 10 PZ CHOCOLATE COCOS  100 GRS.,TABLETAS CHOCOLATE,RITTER,RITTER,800,Pesos,0,8
WF7009 PACK,PACK 10 PZ CHOCOLATE CON LECHE CON AVELLANAS RITTER 100 G,TABLETAS CHOCOLATE,RITTER,RITTER,800,Pesos,0,8
WF7029 PACK,PACK 10 PZ CHOCO AMARGO CON AVELLANAS ENTERAS RITTER 100 G,TABLETAS CHOCOLATE,RITTER,RITTER,800,Pesos,0,8
WF7039 PACK,PACK 10 PZ CHOCOLATE CON LECHE CON ALMENDRAS RITTER 100 G,TABLETAS CHOCOLATE,RITTER,RITTER,800,Pesos,0,8
PAHP/6U-6,6 PZ TIRAS DELGADAS DE CORAZON DE PALMITO EN SALMUERA (ANGEL HAIR),PALMINI,OA FOODS LLC,OA FOODS LLC,799,Pesos,0,0
PALP/6U-6,6 PZ TIRAS DELGADAS DE CORAZON DE PALMITO EN SALMUERA (LINGUINE),PALMINI,OA FOODS LLC,OA FOODS LLC,799,Pesos,0,0
PARP/6U-6,6 PZ PALMINI/OA PALMINI CORAZON DE PALMITO (RICE),PALMINI,OA FOODS LLC,OA FOODS LLC,799,Pesos,0,0
PLASP/6U-6,6 PZ TIRAS FINAS DE CORAZON DE PALMITO EN SALMUERA (LASAGNA),PALMINI,OA FOODS LLC,OA FOODS LLC,799,Pesos,0,0
TEN PACK 1071B,"RITTER SPORTCHOCOLATE VEGANO CON CARAMELO 10 PZS 1,000 GRS",TABLETAS CHOCOLATE,RITTER,RITTER,788.8889,Pesos,0,8
TEN PACK 1061B,"RITTER CHOCOLATE SPORT VEGANO C/ NUECES PAQ 10 PZAS 1,000 G",TABLETAS CHOCOLATE,RITTER,RITTER,788.888,Pesos,0,8
TEN PACK 1091B,RITTER SPORT VEGANO SUAVE PAQUETE CON 10 PZS,TABLETAS CHOCOLATE,RITTER,RITTER,788.88,Pesos,0,8
EX209 PACK,PACK 10 PZ CHOCOLATE AMARGO 50% COCOA RITTER 100 GRS.,TABLETAS CHOCOLATE,RITTER,RITTER,787.037,Pesos,0,8
EX2149 PACK,PAQUETE DE 10 PIEZAS DE CHOCOLATE DE LECHE CON GALLETA 100 GRS.,TABLETAS CHOCOLATE,RITTER,RITTER,787.037,Pesos,0,8
WF289 PACK,PAQUETE DE 10 PIEZAS DE CHOCO AMARGO RELLENO CREMA DE MENTA,TABLETAS CHOCOLATE,RITTER,RITTER,787.037,Pesos,0,8
UE2009 TEN PACK,PAQUETE DE 10 PIEZAS CHOCOLATE YOGURTH CON MORAS RITTER,TABLETAS CHOCOLATE,RITTER,RITTER,786.1111,Pesos,0,8
UE2199 PACK,10 PZ CHOCO CON LECHE RELLENO CON CREMA DE CEREZAS Y ALMENDRAS 100G,TABLETAS CHOCOLATE,RITTER,RITTER,786.1111,Pesos,0,8
EX129 TEN PACK,PAQUETE DE 10  PIEZAS DE CHOCOLATE DE RON CON PASAS,TABLETAS CHOCOLATE,RITTER,RITTER,786.11,Pesos,0,8
RITTER 4X250,CHOCOLATES RITTER SPORT SURTIDOS 1000 G,NULL,RITTER,RITTER,755,Pesos,0,8
102231275,"POLVO ISO FAST NARANJA 1,120 GRS.",DEXTRO,DEXTRO,DEXTRO,750,Pesos,16,0
102231276,"POLVO ISO FAST FRUTAS 1,120 GRS.",DEXTRO,DEXTRO,DEXTRO,750,Pesos,16,0
AT37738 PACK,PACK 16 PZ GOMITAS GUSANOS DE 150 GRS.,GOMITAS,HARIBO,HARIBO,750,Pesos,0,8
CANASTACHICA,CANASTA NAVIDE�A CHICA,NULL,RITTER,RITTER,750,Pesos,0,8
36204,SUNKIST FRUIT GEMS CON ENVOLTURA CAJA 10 LBS.,NULL,JELLY BELLY,JELLY BELLY,702,Pesos,0,8
DEXTRO 13,PAQUETE TABLETA EFERVESCENTE 82G ZERO SURTIDOS 3 PZ,DEXTRO,DEXTRO,DEXTRO,699.27,Pesos,16,0
DEXTRO 23,PAQUETE (SPORT TABLETS) CARAMELOS DE DEXTROSA 6 PZ,DEXTRO,DEXTRO,DEXTRO,666.67,Pesos,0,8
1025488225,BOTANA CHILI CHEESE A GRANEL 5 KILOS,GOMITAS,BALMORO,BALMORO,650,Pesos,0,8
15843942,BOTANA CHILI NUTS A GRANEL 5 KILOS,GOMITAS,BALMORO,BALMORO,650,Pesos,0,8
DEXTRO 15,PAQUETE RECOVERY FRUTAS TROP 44.5G 7 PZ,DEXTRO,DEXTRO,DEXTRO,644.35,Pesos,16,0
102231275 SP,"POLVO ISO FAST NARANJA 1,120 GRS.",DEXTRO,DEXTRO,DEXTRO,640.31,Pesos,16,0
102231276 SP,"POLVO ISO FAST FRUTAS 1,120 GRS.",DEXTRO,DEXTRO,DEXTRO,640.31,Pesos,16,0
62213 + 61800 5 PZA ,PACK 5 PZ JB BEAN BOOZLED + 5 REPUESTOS,GOMITAS,JELLY BELLY,JELLY BELLY,629.6296,Pesos,0,8
AT31662 PACK,PACK 20 PZ GOMITAS HAPPY COLA  80GRSx30,GOMITAS,HARIBO,HARIBO,600,Pesos,0,8
T332,GUAVA VASO GRANEL TI 30/250 g,,,PROCESADORA DE DULCES TIPICOS S.A. DE C.V,600,Pesos,0,8
T343,MANVASO CHAMOY GRANEL TI 30/250 g,,,PROCESADORA DE DULCES TIPICOS S.A. DE C.V,600,Pesos,0,8
86143,6-1 OZ HARRY POTTER HOUSE POINTS COUNTER,GOMITAS,JELLY BELLY,JELLY BELLY,598,Pesos,0,8
102131311,POLVO RECOVERY FRUTAS 356 GRS,DEXTRO,DEXTRO,DEXTRO,558.1,Pesos,16,0
4001 R,MINICHOCOLATE RITTER GRANEL,MINIRITTER,RITTER,RITTER,550,Pesos,0,8
62205,JELLY BELLY BEAN BEAN BOOZLED SPINER WHEEL 12.6 OZ,GOMITAS,JELLY BELLY,JELLY BELLY,540,Pesos,0,8
PALMP/6U-3,3 PZ PURE DE CORAZON DE PALMITO (MASHED),PALMINI,OA FOODS LLC,OA FOODS LLC,500,Pesos,0,0
PALMP/6U-6,6 PZ PURE DE CORAZON DE PALMITO (MASHED),PALMINI,OA FOODS LLC,OA FOODS LLC,500,Pesos,0,0
RITTER10-7,KIT 10 DE MAYO 2020 - 6,TABLETAS CHOCOLATE,RITTER,RITTER,500,Pesos,0,8
86144,6-1 OZ MY FAVORITES BEAN MACHINE,GOMITAS,JELLY BELLY,JELLY BELLY,499,Pesos,0,8
88984,MINI DISPENSADOR JELLY BELLY,GOMITAS,JELLY BELLY,JELLY BELLY,499,Pesos,0,8
62213 + 3 REP,JELLY BELLY RULETA BEAN BOOZLED + 3 REPUESTOS,GOMITAS,JELLY BELLY,JELLY BELLY,490.7407,Pesos,0,8
WF7039 MINI PACK,PACK 5 PZ CHOCOLATE CON LECHE CON ALMENDRAS RITTER 100 G,TABLETAS CHOCOLATE,RITTER,RITTER,486.12,Pesos,0,8
RITTER10-6,KIT 10 DE MAYO 2020 - 6,TABLETAS CHOCOLATE,RITTER,RITTER,481.48,Pesos,0,8
DEXTRO 03,PAQUETE ISO FAST 56G FRUIT MIX 6 PIEZAS,DEXTRO,DEXTRO,DEXTRO,472.75,Pesos,16,0
DEXTRO 04,PAQUETE ISO FAST 56G NARANJA 6 PIEZAS,DEXTRO,DEXTRO,DEXTRO,472.75,Pesos,16,0
9643N RUS FIVE PACK,FIVE PACK CREMA DE FRESA CON COBERTURA DE CHOCO S/A 85 G,NULL,RUSSEL,RUSELL,462.9629,Pesos,0,8
EF9319 FIVE PACK,PAQUETE 5 PIEZAS CHOCOLATE AMARGO 55% COCOA,TABLETAS CHOCOLATE,RITTER,RITTER,462.037,Pesos,0,8
USCL1000X4,PACK CHOCOLATE MR BEAST SABORES SURTIDOS 240 GR,CHOCOLATES,FEASTABLES,FEASTABLES,462.037,Pesos,0,8
WF7086 FIVE PACK,PAQUETE DE 5 PIEZAS DE CHOCOLATE AMARGO CON ALMENDRAS,TABLETAS CHOCOLATE,RITTER,RITTER,462.037,Pesos,0,8
EF9389 FIVE PACK,PAQUETE DE 5 PIEZAS DE CHOCOLATE AMARGO 81% COCOA,TABLETAS CHOCOLATE,RITTER,RITTER,462,Pesos,0,8
UE2199 FIVE PACK,5 PZ CHOCO CON LECHE RELLENO CON CREMA DE CEREZAS Y ALMENDRAS 100G,TABLETAS CHOCOLATE,RITTER,RITTER,461.4167,Pesos,0,8
9621N RUS FIVE PACK,FIVE PACK CARAMELO CUBIERTO DE CHOCOLATE CON LECHE S/A 85g,NULL,RUSSEL,RUSELL,461.111,Pesos,0,8
9622N RUS FIVE PACK,FIVE PACK CHOCOLATE  S/A RELLENO DE MANTEQUILLA S/A 85 G,NULL,RUSSEL,RUSELL,461.111,Pesos,0,8
9632N RUS FIVE PACK,FIVE PACK DULCE DE COCO CUBIERTO CON CHOCOLATE S/A,NULL,RUSSEL,RUSELL,461.11,Pesos,0,8
9645N RUS FIVE PACK,FIVE PACK CREMA DE MANTEQUILLA CUBIERTA CON CHOCOLATE S/A 85g,NULL,RUSSEL,RUSELL,461.11,Pesos,0,8
BEAN B5,PAQUETE 5 JELLY BELLY BEAN BOOZLED,GOMITAS,JELLY BELLY,JELLY BELLY,458.33,Pesos,0,8
PAHP/6U-3,PALMINI TIRAS DELGADAS DE CORAZON DE PALMITO 3PZAS (ANGEL HAIR),PALMINI,OA FOODS LLC,OA FOODS LLC,450,Pesos,0,0
PALP/6U-3,3 PZ TIRAS DELGADAS DE CORAZON DE PALMITO EN SALMUERA (LINGUINE),PALMINI,OA FOODS LLC,OA FOODS LLC,450,Pesos,0,0
PLASP/6U-3,3 PZ TIRAS FINAS DE CORAZON DE PALMITO EN SALMUERA (LASAGNA),PALMINI,OA FOODS LLC,OA FOODS LLC,450,Pesos,0,0
UE67099 FIVE PACK,PAQUETE DE 5 PIEZAS CHOCO CON LECHE CON PISTACHE RITTER 500 G,TABLETAS CHOCOLATE,RITTER,RITTER,447.22,Pesos,0,8
FIVE PACK 1061B,RITTER CHOCOLATE SPORT VEGANO C/ NUECES PAQ 5 PZAS 500 G,TABLETAS CHOCOLATE,RITTER,RITTER,446.2963,Pesos,0,8
PACK 1071B,CHOCOLATE RITTER SPORT VEGANO CON CARAMELO 5 PZS,TABLETAS CHOCOLATE,RITTER,RITTER,446.2962,Pesos,0,8
EX259 MID-PACK,PACK 5 PZ CHOCOLATE AMARGO CON MAZAPAN RITTER 100 G,TABLETAS CHOCOLATE,RITTER,RITTER,444.44,Pesos,0,8
EX119 FIVE PACK,PAQUETE DE 5 PIEZAS DE CHOCOLATE DE CORN FLAKES,TABLETAS CHOCOLATE,RITTER,RITTER,443.52,Pesos,0,8
EX129 FIVE PACK,PAQUETE DE 5 PIEZAS DE CHOCOLATE DE RON CON PASAS,TABLETAS CHOCOLATE,RITTER,RITTER,443.52,Pesos,0,8
EX189 FIVE PACK,PAQUETE DE 5 PIEZAS DE CHOCOLATE CON LECHE EXTRAFINO,TABLETAS CHOCOLATE,RITTER,RITTER,443.52,Pesos,0,8
EF9330 FIVE PACK,PAQUETE DE 5 PIEZAS DE CHOCOLATE AMARGO 74% COCOA,TABLETAS CHOCOLATE,RITTER,RITTER,443.5185,Pesos,0,8
FS62609 FIVE PACK,RITTER SPORT CHOCOLATE 70% CACAO PAQUETE CON 5 PZAS 500 G,TABLETAS CHOCOLATE,RITTER,RITTER,443.5185,Pesos,0,8
FW7049 FIVE PACK,RITTER SPORT CHOC CON LECHE CON ALMENDRA MIEL Y SAL 5 PZAS 500 G,TABLETAS CHOCOLATE,RITTER,RITTER,443.5185,Pesos,0,8
WF7009 FIVE PACK,PACK 5 PZ CHOCOLATE CON LECHE CON AVELLANAS RITTER 100 G,TABLETAS CHOCOLATE,RITTER,RITTER,443.5185,Pesos,0,8
EX2989 FIVE PACK,PACK 5 PZ CHOCOLATE COCOS  100 GRS.,TABLETAS CHOCOLATE,RITTER,RITTER,443.518,Pesos,0,8
WF289 FIVE PACK,PAQUETE DE 5 PIEZAS DE CHOCO AMARGO RELLENO CREMA DE MENTA,TABLETAS CHOCOLATE,RITTER,RITTER,443.518,Pesos,0,8
WF7019 FIVE PACK,PACK 5 PZ CHOCOLATE BLANCO CON AVELLANAS ENTERAS 100 GRS,TABLETAS CHOCOLATE,RITTER,RITTER,443.518,Pesos,0,8
WF7029 FIVE PACK,PACK 5 PZ CHOCO AMARGO CON AVELLANAS ENTERAS RITTER 100 G,TABLETAS CHOCOLATE,RITTER,RITTER,443.518,Pesos,0,8
WF7076 FIVE PACK,PACK 5 PZ CHOCOLATE CON NUEZ DE LA INDIA 100 GRS,TABLETAS CHOCOLATE,RITTER,RITTER,443.518,Pesos,0,8
EX209 FIVE PACK,PACK 5 PZ CHOCOLATE AMARGO 50% COCOA RITTER 100 GRS.,TABLETAS CHOCOLATE,RITTER,RITTER,443.51,Pesos,0,8
EX2149 FIVE PACK,PAQUETE DE 5 PIEZAS DE CHOCOLATE DE LECHE CON GALLETA 100 GRS.,TABLETAS CHOCOLATE,RITTER,RITTER,443.51,Pesos,0,8
EX2699 FIVE PACK,PACK 5 PZ CHOCO LECHE FRESA CON YOGURTH RITTER 100 G,TABLETAS CHOCOLATE,RITTER,RITTER,443.51,Pesos,0,8
UE2219 FIVE PACK,5 PZ CHOCO CON LECHE RELLENO DE MANTEQUILLA Y CARAMELO 100G,TABLETAS CHOCOLATE,RITTER,RITTER,443.51,Pesos,0,8
62278,TARRO CON DULCES SABOR MANTEQUILLA HP 8 OZ (225G),GOMITAS,JELLY BELLY,JELLY BELLY,434,Pesos,0,8
86100,JELLY BELLY BEAN BOOZLED BOUNCING MACHINE 6/3.8 OZ,GOMITAS,JELLY BELLY,JELLY BELLY,430,Pesos,0,8
BEAN B1,PAQUETE 1 JELLY BELLY BEAN BOOZLED,GOMITAS,JELLY BELLY,JELLY BELLY,416.6667,Pesos,0,8
BEAN B2,PAQUETE 2 JELLY BELLY BEAN BOOZLED,GOMITAS,JELLY BELLY,JELLY BELLY,416.6667,Pesos,0,8
EF9320 FIVE PACK,PAQUETE 5 PIEZAS CHOCOLATE AMARGO 61% COCOA 100 G,TABLETAS CHOCOLATE,RITTER,RITTER,416.205,Pesos,0,8
USCL1001X4,PACK CHOCOLATE MR BEAST CON LECHE CON TROZOS DE ALMENDRAS 240 GR,CHOCOLATES,FEASTABLES,FEASTABLES,415.8333,Pesos,0,8
PACK 1091B,CHOCOLATE RITTER SPORT VEGANO SUAVE 5 PZS,TABLETAS CHOCOLATE,RITTER,RITTER,401.66,Pesos,0,8
UE2009 FIVE PACK,PAQUETE DE 5 PIEZAS CHOCOLATE YOGURTH CON MORAS RITTER,TABLETAS CHOCOLATE,RITTER,RITTER,400,Pesos,0,8
62203,BEAN BOOZLED MINION JUMBO GIFT BOX  12.6 OZ,GOMITAS,JELLY BELLY,JELLY BELLY,399,Pesos,0,8
RITTER-VEG-4,PAQUETE DE 4 PIEZAS CHOCOLATES VEGANOS,TABLETAS CHOCOLATE,RITTER,RITTER,398.333,Pesos,0,8
6146,HOJAS DE PARRA RELLENAS DE ARROZ Y HIERBAS 6/2.1 kg,PARILIA,PALIRIA,PALIRIA,395,Pesos,0,0
AMK-PL004 K,AMOS GOMITAS PELABLES EN FORMA DE MANZANA 1000 GR,GOMITAS,LANEZI,LANEZI,393,Pesos,0,8
240520 K ,AMOS GOMITAS PELABLES EN FORMA DE MANGO GRANEL,GOMITAS,LANEZI,LANEZI,392,Pesos,0,8
240521 K ,AMOS GOMITAS PELABLES EN FORMA DE BANANA A GRANEL,GOMITAS,LANEZI,LANEZI,392,Pesos,0,8
BMR500,BOLSA COSTCO MINI RITTER 500 GRS,AGRIDULCES,RITTER,RITTER,389,Pesos,0,8
USCL1003X4,CHOCOLATE MR BEAST CON LECHE  240 GR,CHOCOLATES,FEASTABLES,FEASTABLES,387.9629,Pesos,0,8
USCL1007X4,PACK CHOCOLATE MR BEAST CON LECHE CON CREMA DE CACAHUATE 240 GR,CHOCOLATES,FEASTABLES,FEASTABLES,387.9629,Pesos,0,8
USCL1006X4,PACK CHOCOLATE MR BEAST CON LECHE CON ARROZ INFLADO 240 GR,CHOCOLATES,FEASTABLES,FEASTABLES,387.96,Pesos,0,8
48224 PACK,PACK 4 PIEZAS DISPENSADOR DE PEZ PAW PATROL,DULCE C/AZ,PEZ,PEZ,383.62,Pesos,16,0
G1224 - 6,SIX PACK DISPENSADOR DE PEZ CARE BEARS,DULCE C/AZ,PEZ,PEZ,377.5862,Pesos,16,0
MIXAMAR5,CHOCOLATES AMARGOS 5 PZAS,NULL,RITTER,RITTER,370.3704,Pesos,0,8
MXCHO 5,MIX CHOCOLATE 5 PZS,NULL,RITTER,RITTER,370.3704,Pesos,0,8
MR1000G,CAJA DESPACHADORA MINI RITTER CON 60PZAS,NULL,RITTER,RITTER,369.44,Pesos,0,8
AMK-PL003 K,AMOS GOMITAS PELABLES EN FORMA DE DURAZNO 1000 GR,GOMITAS,LANEZI,LANEZI,369,Pesos,0,8
RITTER10-1,KIT 10 DE MAYO 2020 - 1,GOMITAS,HARIBO,RITTER,365.74,Pesos,0,8
PADRE 3E,KIT 3E DEL DIA DEL PADRE 2020 EMPLEADOS,TABLETAS CHOCOLATE,RITTER,RITTER,362.5,Pesos,0,8
BEAN B3,PAQUETE 3 JELLY BELLY BEAN BOOZLED,GOMITAS,JELLY BELLY,JELLY BELLY,358.3333,Pesos,0,8
UE2009 TRIO,PAQUETE DE 3 PIEZAS CHOCOLATE YOGURTH CON MORAS RITTER 300 G,TABLETAS CHOCOLATE,RITTER,RITTER,350.9259,Pesos,0,8
85254150605 B - 12,PACK PINTALABIOS BARBIE 12 PZAS X 5 G,DOLCI IBERICA,DOLCI IBERICA,DOLCI IBERICA,347.222,Pesos,0,8
CHCOVA5,CHOCOLATE COLOR VARIETY 5 PZAS,NULL,RITTER,RITTER,342.5925,Pesos,0,8
777P,JELLY BELLY SABORES VARIOS PERLADOS 1 KG.,GOMITAS,JELLY BELLY,JELLY BELLY,340,Pesos,0,8
8513 K,TWIST INDIVIDUALES SABORES SURTIDOS A GRANEL,AGRIDULCES,,AMERICAN LICORICE COMPANY,340,Pesos,0,8
61800 PACK,5 PIEZAS DE CAJA SABORES BEANBOOZLED 1.6 OZ.,NULL,JELLY BELLY,JELLY BELLY,337.9629,Pesos,0,8
4 PACK CHOC1003,CHOCOLATE MR BEAST CON LECHE 4 PACK 240G,CHOCOLATES,FEASTABLES,FEASTABLES,332.4075,Pesos,0,8
4 PACK CHOCMB,CHOCOLATE MRS BEAST SURTIDO 4 PACK 240G,CHOCOLATES,FEASTABLES,FEASTABLES,332.4075,Pesos,0,8
4 PACK CHOC1000,CHOCOLATE MR BEAST SEMIAMARGO 4 PACK 240G,CHOCOLATES,FEASTABLES,FEASTABLES,332.4047,Pesos,0,8
PADRE 1E,KIT 1E DEL DIA DEL PADRE 2020 EMPLEADOS,TABLETAS CHOCOLATE,RITTER,RITTER,330.09,Pesos,0,8
B572004,SOUR RAINBOW/TUTTI FRUTII BELTS 1.6 KG,DULCES,CT BRANDS,CT BRANDS,330,Pesos,0,8
WF7086 TRIO,PAQUETE DE 3 PIEZAS DE CHOCOLATE AMARGO CON ALMENDRAS,TABLETAS CHOCOLATE,RITTER,RITTER,329,Pesos,0,8
971,JELLY BELLY JEWEL BLUEBERRY KG,NULL,JELLY BELLY,JELLY BELLY,326.5,Pesos,0,8
986,JELLY BELLY JEWEL SABORES SURTIDOS 1 KG,NULL,JELLY BELLY,JELLY BELLY,326.1,Pesos,0,8
956,JELLY BELLY SUNKIST LIME KG.,GOMITAS,JELLY BELLY,JELLY BELLY,326,Pesos,0,8
USCP2107 - 2 PACK,ESTUCHE CHOCOLATE MR BEAST EDICION PASCUA 350 GR,CHOCOLATES,FEASTABLES,FEASTABLES,324,Pesos,0,8
MRBEASTSURT345G,CHOCOLATE MR BEAST PAQUETE SURTIDO 345 GR,CHOCOLATES,FEASTABLES,FEASTABLES,323.61,Pesos,0,8
PACK 09224 - 6,PACK DE 6 PIEZAS DISPENSADOR DE PEZ  EMOJIS,DULCE C/AZ,PEZ,PEZ,323.2759,Pesos,16,0
PACK 240224 - 6, PACK DISPENSADOR DE PEZ MARS MISSION CON 6 PIEZAS,DULCE C/AZ,PEZ,PEZ,323.2759,Pesos,16,0
PACK 48224 - 6,DISPENSADOR DE PEZ PAW PATROL 6 PIEZAS,DULCE C/AZ,PEZ,PEZ,323.2759,Pesos,16,0
PACK 64224 - 6,DISPENSADOR DE PEZ BOB SPONGE 6 PIEZAS,DULCE C/AZ,PEZ,PEZ,323.2759,Pesos,16,0
PACK 105224 - 6,PACK DE DISPENSADORES DE PEZ KITTY LLAMA,DULCE C/AZ,PEZ,PEZ,323.2758,Pesos,16,0
PACK 109224 - 6,PACK DE DISPENSADORES DE PEZ HARRY POTTER,DULCE C/AZ,PEZ,PEZ,323.2758,Pesos,16,0
PACK 27224 - 6,PACK DE DISPENSADORES DE PEZ KITTY YOGA,DULCE C/AZ,PEZ,PEZ,323.2758,Pesos,16,0
PACK 879224 - 6,PACK DE 6 PIEZAS PEZ GABBY�S DOLLLHOUSE,DULCE C/AZ,PEZ,PEZ,323.2758,Pesos,16,0
PACK 108224 - 6,PACK DE 6 PZAS DISPENSADOR DE PEZ SCOOBY DOO,DULCE C/AZ,PEZ,PEZ,323.2358,Pesos,16,0
62213 COMBO,COMBO BEAN BOOZLED RULETA + BOTE,GOMITAS,JELLY BELLY,JELLY BELLY,315,Pesos,0,8
976,JELLY BELLY JEWEL SOUR APPLE KILO,NULL,JELLY BELLY,JELLY BELLY,315,Pesos,0,8
8354 FIVE PACK,PACK 5 PZ BITES SABORES SURTIDOS 105 GRS 12/3.7 OZ,GOMITAS,,AMERICAN LICORICE COMPANY,313.888,Pesos,0,8
88001 FIVE PACK,PACK 5 PZ BITES SABOR DULCES SURTIDOS 105 GRS 12/3.7 OZ,GOMITAS,,AMERICAN LICORICE COMPANY,313.888,Pesos,0,8
8902 FIVE PACK,PACK 5 PZ BITES SABORES FAN FLAVORS 105 GRS 12/3.7 OZ,GOMITAS,,AMERICAN LICORICE COMPANY,313.888,Pesos,0,8
SP MIX FIVE PACK,PACK 5 PZ BITES DIFERENTES SABORES 105 GRS 12/3.7 OZ,GOMITAS,,AMERICAN LICORICE COMPANY,313.888,Pesos,0,8
9621N RUS TRI PACK,TRI PACK CARAMELO CUBIERTO DE CHOCOLATE CON LECHE S/A 85g,NULL,RUSSEL,RUSELL,310.1851,Pesos,0,8
9622N RUS TRI PACK,TRI PACK CHOCOLATE  S/A RELLENO DE MANTEQUILLA S/A 85 G,NULL,RUSSEL,RUSELL,310.1851,Pesos,0,8
9645N RUS TRIO,THREE PACK CREMA DE MANTEQUILLA CUBIERTA CON CHOCOLATE S/A 85g,NULL,RUSSEL,RUSELL,310.1851,Pesos,0,8
32342 HAR,HAPPY-COLA 2.268 KGS.,GOMITAS,HARIBO,HARIBO,310,Pesos,0,8
3361 HAR,RUEDAS LICORICE SABOR FRESA 2.268 KGS.,GOMITAS,HARIBO,HARIBO,310,Pesos,0,8
34123 HAR,GOMITAS DINOSAURIOS A GRANEL,GOMITAS,HARIBO,HARIBO,310,Pesos,0,8
45014 HAR,GOMITAS LETRAS ALFABETO GRANEL,GOMITAS,HARIBO,HARIBO,310,Pesos,0,8
GR32342 HAR,GOMITAS HAPPY COLA  GRANEL,GOMITAS,HARIBO,HARIBO,310,Pesos,0,8
230501 K,"GOMITAS SURTIDAS EN FORMA DE BLOQUES 1,000 G",GOMITAS,LANEZI,LANEZI,308,Pesos,0,8
230507 K ,GOMITAS SURTIDAS EN FORMA DE DINOSAURIOS 1000 G,GOMITAS,LANEZI,LANEZI,308,Pesos,0,8
230510 K ,"GOMITAS SURTIDAS EN FORMA DE CUPCAKES 1,000 G",GOMITAS,LANEZI,LANEZI,308,Pesos,0,8
UE67099 TRIO,3 PACK CHOCOLATE CON LECHE CON PISTACHE RITTER 300 G,TABLETAS CHOCOLATE,RITTER,RITTER,307.4074,Pesos,0,8
10043490 K,GOMITAS STARMIX A GRANEL 1KG,GOMITAS,HARIBO,HARIBO,305.25,Pesos,0,8
63965 COMBO,COMBO JELLY BELLY BEAN BOOZLED DISPENSER 3.5 OZ,GOMITAS,JELLY BELLY,JELLY BELLY,305,Pesos,0,8
WF7039 TRIO,PAQUETE DE 3 PIEZAS DE CHOCOLATE CON LECHE CON ALMENDRAS RITTER 100 G,TABLETAS CHOCOLATE,RITTER,RITTER,304.63,Pesos,0,8
FS62609 - 3,RITTER SPORT PAQUETE DE 3 CHOCOLATES 70% CACAO 300 G,TABLETAS CHOCOLATE,RITTER,RITTER,304.6296,Pesos,0,8
WF7009 TRIO,PAQUETE DE 3 PIEZAS DE CHOCOLATE CON LECHE Y AVELLANAS,TABLETAS CHOCOLATE,RITTER,RITTER,304.6296,Pesos,0,8
WF7019 TRIO,PACK 3 PZ CHOCOLATE BLANCO CON AVELLANAS ENTERAS 100 GRS,TABLETAS CHOCOLATE,RITTER,RITTER,304.629,Pesos,0,8
PACK FW7049,RITTER SPORT CHOC CON LECHE CON ALMENDRA MIEL Y SAL 3 PZAS,TABLETAS CHOCOLATE,RITTER,RITTER,304.6269,Pesos,0,8
10043495,GOMITAS HARIBO OSITOS  1 KG,GOMITAS,HARIBO,HARIBO,300,Pesos,0,8
968,JELLY BELLY MARGARITA KG,GOMITAS,JELLY BELLY,JELLY BELLY,300,Pesos,0,8
SECHOAM 4,SELECCION DE CHOCOLATE AMARGO 4 PZAS,NULL,RITTER,RITTER,299,Pesos,0,8
WF289 TRIO,PAQUETE DE 3 PIEZAS DE CHOCO AMARGO RELLENO CREMA DE MENTA,TABLETAS CHOCOLATE,RITTER,RITTER,299,Pesos,0,8
1010219147K,MANGO ENCHILADO VALENTINA GRANEL 1 KG,FRUTA SECA,BALMORO,BALMORO,295,Pesos,0,8
50192100,MANGO ENCHILADO GRANEL 5 KG,FRUTA SECA,BALMORO,BALMORO,295,Pesos,0,8
50192100K,MANGO ENCHILADO GRANEL KG,FRUTA SECA,BALMORO,BALMORO,295,Pesos,0,8
MXCHO 4,MIX CHOCOLATE 4 PZS,NULL,RITTER,RITTER,293,Pesos,0,8
BOLSA KRAM,BOLSA SURTIDA KRAM,,,,292.1184,Pesos,0,8
HARIBO11-MIX,HARIBO MIX 10 BOLSAS SURTIDAS DE 80 - 150 GRAMOS,GOMITAS,HARIBO,HARIBO,291.6666,Pesos,0,8
EX189 PFS,CHOCO CON LECHE EXTRAFINO RITTER 100 G,TABLETAS CHOCOLATE,RITTER,RITTER,290,Pesos,0,8
EX2699 PFS,CHOCO LECHE FRESA CON YOGURTH RITTER 100 G,TABLETAS CHOCOLATE,RITTER,RITTER,290,Pesos,0,8
WF7009 PFS,CHOCOLATE CON LECHE CON AVELLANAS RITTER 100 G,TABLETAS CHOCOLATE,RITTER,RITTER,290,Pesos,0,8
5016,RED VINES TRAYS ORIGINAL FLAVOR 1588GRS/ 3.5 LB,GOMITAS,,AMERICAN LICORICE COMPANY,289,Pesos,0,8
5017,RED VINES LIC JARS 1588GRS/ 3.5 LB,GOMITAS,,AMERICAN LICORICE COMPANY,289,Pesos,0,8
BEAN B4,PAQUETE 4 JELLY BELLY BEAN BOOZLED,GOMITAS,JELLY BELLY,JELLY BELLY,283.3333,Pesos,0,8
4PACK PALP,4 PACK PALMINI TIRAS DELGADAS DE CORAZON DE PALMITO (LINGUINE),PALMINI,OA FOODS LLC,OA FOODS LLC,280,Pesos,0,0
3 PACK 1071B,CHOCOLATE RITTER SPORT VEGANO CON CARAMELO 3 PACK 300 G,TABLETAS CHOCOLATE,RITTER,RITTER,279.6296,Pesos,0,8
3 PACK 1091B,CHOCOLATE RITTER SPORT VEGANO SUAVE 3 PZS  (300 GRAMOS),TABLETAS CHOCOLATE,RITTER,RITTER,279.6296,Pesos,0,8
PACK 1031B,RITTER SPORT 3 PACK CHOCOLATE VEGANO C/ALMENDRAS CRUJIENTES,TABLETAS CHOCOLATE,RITTER,RITTER,279.6296,Pesos,0,8
PACK 1061B,PACK DE CHOCOLATE RITTER SPORT VEGANO C/NUECES 300 G,TABLETAS CHOCOLATE,RITTER,RITTER,279.6296,Pesos,0,8
67177,MR BEAST ESTUCHE SURTIDO CUPS AVELLANAS Y CREMA DE CACAHUATE 320 GRS,AGRIDULCES,RITTER,FEASTABLES,279,Pesos,0,8
DUO UE6229,DUO CHOCOLATE CON TROZOS DE AVELLANA 500 GRS,TABLETAS CHOCOLATE,RITTER,RITTER,277.777,Pesos,0,8
SP PACK 4,PACK 4 PZ BITES VARIEDAD DE SABORES 105 GRS 12/3.7 OZ,GOMITAS,AMERICAN LICORICE COMPANY,AMERICAN LICORICE COMPANY,277.777,Pesos,0,8
200747 TRIO,PAQUETE DE REPUESTO DE PEZ SABOR FRUTAS,DULCE C/AZ,PEZ,PEZ,277.77,Pesos,0,8
UE2219 TRIO,3 PZ CHOCO CON LECHE RELLENO DE MANTEQUILLA Y CARAMELO 100G,TABLETAS CHOCOLATE,RITTER,RITTER,276.8519,Pesos,0,8
EF9319 TRIO,PAQUETE DE 3 PIEZAS DE CHOCOLATE AMARGO 55% COCOA,TABLETAS CHOCOLATE,RITTER,RITTER,276.8518,Pesos,0,8
EF9320 TRIO,PAQUETE DE 3 PIEZAS DE CHOCOLATE AMARGO 61% COCOA,TABLETAS CHOCOLATE,RITTER,RITTER,276.8518,Pesos,0,8
EF9330 TRIO,PAQUETE DE 3 PIEZAS DE CHOCOLATE AMARGO 74% COCOA,TABLETAS CHOCOLATE,RITTER,RITTER,276.8518,Pesos,0,8
EF9389 TRIO,PAQUETE DE 3 PIEZAS DE CHOCOLATE AMARGO 81% COCOA,TABLETAS CHOCOLATE,RITTER,RITTER,276.8518,Pesos,0,8
EX129 TRIO,PAQUETE DE 3 PIEZAS DE CHOCOLATE RELLENO DE RON Y PASAS,TABLETAS CHOCOLATE,RITTER,RITTER,276.8518,Pesos,0,8
EX209 TRIO,PAQUETE DE 3 PIEZAS DE CHOCO AMARGO 50% COCOA,TABLETAS CHOCOLATE,RITTER,RITTER,276.8518,Pesos,0,8
EX259 TRIO,PAQUETE DE 3 PIEZAS CHOCOLATE AMARGO CON MAZAPAN RITTER,TABLETAS CHOCOLATE,RITTER,RITTER,276.8518,Pesos,0,8
EX2699 TRIO,PAQUETE DE 3 PIEZAS DE CHOCOLATE RELLENO DE YOGURTH DE FRESA,TABLETAS CHOCOLATE,RITTER,RITTER,276.8518,Pesos,0,8
EX2989 TRIO,PAQUETE DE 3 PIEZAS DE CHOCOLATE RELLENO DE COCO,TABLETAS CHOCOLATE,RITTER,RITTER,276.8518,Pesos,0,8
UE2199 TRIO,3 PZ CHOCO CON LECHE RELLENO CON CREMA DE CEREZAS Y ALMENDRAS 100G,TABLETAS CHOCOLATE,RITTER,RITTER,276.8518,Pesos,0,8
WF7076 TRIO,PAQUETE DE 3 PIEZAS DE CHOCOLATE CON NUEZ DE LA INDIA,TABLETAS CHOCOLATE,RITTER,RITTER,276.8518,Pesos,0,8
EX189 TRIO,PAQUETE DE 3 PIEZAS DE CHOCOLATE CON LECHE EXTRAFINO,TABLETAS CHOCOLATE,RITTER,RITTER,276.851,Pesos,0,8
EX2149 TRIO,PAQUETE DE 3 PIEZAS DE CHOCOLATE DE LECHE CON GALLETA 100 GRS.,TABLETAS CHOCOLATE,RITTER,RITTER,276.851,Pesos,0,8
WF7029 TRIO,PACK 3 PZ CHOCO AMARGO CON AVELLANAS ENTERAS RITTER 100 G,TABLETAS CHOCOLATE,RITTER,RITTER,274.166,Pesos,0,8
943 JEL,JELLY BELLY RASPBERRY KG,NULL,JELLY BELLY,JELLY BELLY,270,Pesos,0,8
965 JEL,JELLY BELLY SIZZLING CINNAMON KG,NULL,JELLY BELLY,JELLY BELLY,270,Pesos,0,8
G34123,DINOSAURIOS A GRANEL  ( GRAMOS ).,GOMITAS,HARIBO,HARIBO,268,Pesos,0,8
EX119 TRIO,PAQUETE DE 3 PIEZAS DE CHOCOLATE DE CORN FLAKES,TABLETAS CHOCOLATE,RITTER,RITTER,267.59,Pesos,0,8
HARIBO8-MIX,HARIBO MIX 8 BOLSAS SURTIDAS DE 80-150 GRAMOS,GOMITAS,HARIBO,HARIBO,263.9,Pesos,0,8
RITTER10-5,KIT 10 DE MAYO 2020 - 5,TABLETAS CHOCOLATE,RITTER,RITTER,263.88,Pesos,0,8
23011K,DULCE MACIZO CANDY BLOCKS 1 KG,DULCES,TOOTSIE ROLL,TOOTSIE ROLL,260,Pesos,0,8
62048,JELLY BELLY BEAN BOOZLED SPINNER TIN 3.36 OZ,GOMITAS,JELLY BELLY,JELLY BELLY,260,Pesos,0,8
07224 - 6,PAQUETE DE 6 PZAS DISPENSADOR DE PEZ MINIONS,DULCE C/AZ,PEZ,PEZ,256.8966,Pesos,16,0
PACK 33224 - 6,PACK DISPENSADOR BARBIE DE PEZ,DULCE C/AZ,PEZ,PEZ,256.8966,Pesos,16,0
10224 - 6,DISPENSADOR ASTERIX DE PEZ 6 PZAS,DULCE C/AZ,PEZ,PEZ,256.8965,Pesos,16,0
PACK 08224 - 6,PACK DE DISPENSADORES DE PEZ PIKACHU,DULCE C/AZ,PEZ,PEZ,256.8965,Pesos,16,0
PACK 21224 - 6,PACK DE DISPENSADOR FIGURA PEZ NINTENDO,DULCE C/AZ,PEZ,PEZ,256.8965,Pesos,16,0
PACK 70224 - 6,PACK CON 6 PIEZAS DE PEZ ANIMAL CROSSING,DULCE C/AZ,PEZ,PEZ,256.8965,Pesos,16,0
PACK 80224 + 6,PACK DE DISPENSADORES DE PEZ MY LITTLE PONY,DULCE C/AZ,PEZ,PEZ,256.8965,Pesos,16,0
PACK 97224 - 6,PACK DE DISPENSADORES DE PEZ PLAY MOBIL,DULCE C/AZ,PEZ,PEZ,256.8965,Pesos,16,0
PACK 98224 - 6,PACK FIGURAS PEZ LOONEY TUNES,DULCE C/AZ,PEZ,PEZ,256.8965,Pesos,16,0
PACK 99224 - 6,PACK DE DISPENSADORES DE PEZ DC HEROES,DULCE C/AZ,PEZ,PEZ,256.8965,Pesos,16,0
PACK C1224 - 6,PACK DISPENSADORES DE PEZ SONIC,DULCE C/AZ,PEZ,PEZ,256.8965,Pesos,16,0
PACK G1224 - 6,PACK DE DISPENSADORES DE PEZ OSITOS CARI�OSITOS,DULCE C/AZ,PEZ,PEZ,256.8965,Pesos,16,0
30569G,GOMITAS DE FRUTAS SURTIDAS ( GRAMOS ),GOMITAS,PROMOTION IN MOTION,PROMOTION IN MOTION,255,Pesos,0,8
52777,JELLY BELLY  SURTIDO 1 KG.,GOMITAS,JELLY BELLY,JELLY BELLY,255,Pesos,0,8
66362,VARITA DE CHOCOLATE HP 1.5 OZ (42G),GOMITAS,JELLY BELLY,JELLY BELLY,255,Pesos,0,8
PARP/6U-3,3 PZ PALMINI/OA PALMINI CORAZON DE PALMITO (RICE),PALMINI,OA FOODS LLC,OA FOODS LLC,255,Pesos,0,0
HARIBO6-MIX,HARIBO MIX 6 BOLSAS SURTIDAS DE 150 GRAMOS,GOMITAS,HARIBO,HARIBO,254.63,Pesos,0,8
HARIBO7-MIX,HARIBO MIX 7 BOLSAS SURTIDAS DE 150 GRAMOS,GOMITAS,HARIBO,HARIBO,252.7777,Pesos,0,8
927,JELLY BELLY SUNKIST ORANGE KG,GOMITAS,JELLY BELLY,JELLY BELLY,250,Pesos,0,8
10000033,CHOCOLATE CON COBERTURA DULCE 213G,NULL,RUSSEL,RUSELL,249,Pesos,0,8
10000034,CHOCOLATE CON CACAHUATE CON COBERTURA DULCE 213G,NULL,RUSSEL,RUSELL,249,Pesos,0,8
102131300 SP,POLVO ISO DRINK NARANJA 440 G,DEXTRO,DEXTRO,DEXTRO,248.38,Pesos,16,0
102131302,POLVO ISO DRINK CITRUS 440 G,DEXTRO,DEXTRO,DEXTRO,248.38,Pesos,16,0
102131302 SP,POLVO ISO DRINK CITRUS 440 G,DEXTRO,DEXTRO,DEXTRO,248.38,Pesos,16,0
3085,BERENJENAS FRITAS RELLANAS DE CEBOLLA Y SALSA DE TOMATE 2.5 kg,PARILIA,PALIRIA,PALIRIA,245,Pesos,0,0
NUTSEL03,CHOCOLATE NUT SELECTION 3 PZAS,NULL,RITTER,RITTER,241,Pesos,0,8
HARIBO10-MIX,HARIBO MIX 10 BOLSAS SURTIDAS DE 80 GRAMOS,GOMITAS,HARIBO,HARIBO,240.75,Pesos,0,8
AT50369C,CHICLOSO MAOAM 1 KG,GOMITAS,HARIBO,HARIBO,235,Pesos,0,8
PACK 03224 - 6,PACK DISPENSADOR PEPPA PIG DE PEZ,DULCE C/AZ,PEZ,PEZ,231.2068,Pesos,16,0
4001AM,CHOCO SEMI AMARGO Y CHOCO C/LECHE RELLENO 340 G,NULL,RUSSEL,RUSELL,215,Pesos,0,8
4011AM,CHOCO SEMI AMARGO Y CHOCO C/LECHE 340G,NULL,RUSSEL,RUSELL,215,Pesos,0,8
9975 AC,NUECES Y CARAMELOS CUBIERTOS CON CHOCO SEMI AMARGO 312 G,NULL,RUSSEL,RUSELL,215,Pesos,0,8
9983AM,NUECES Y CARAMELOS CUBIERTOS CON CHOCOLATE CON LECHE 340 G,NULL,RUSSEL,RUSELL,215,Pesos,0,8
USCL1000X4 - C,PACK DE CHOCOLATE MR BEAST SABORES SURTIDOS 240 G  (COSTCO),CHOCOLATES,FEASTABLES,FEASTABLES,213,Pesos,0,8
AT47248,GOMITAS DE RANAS 1 KG,GOMITAS,HARIBO,HARIBO,207,Pesos,0,8
USCL6000,MR BEAST 6 PACK CHOCOLATES SURTIDOS 210 G,CHOCOLATES,FEASTABLES,FEASTABLES,206,Pesos,0,8
506408,MANGO ENCHILADO 640 GRS,FRUTA SECA,BALMORO,BALMORO,205,Pesos,0,8
3 PACK 61800 JB,PAQUETE DE 3 PZAS JELLY BELLY REPUESTOS BEAN BOOZLED,GOMITAS,JELLY BELLY,JELLY BELLY,202.78,Pesos,0,8
102131300,POLVO ISO DRINK NARANJA 440 G,DEXTRO,,DEXTRO,200,Pesos,16,0
PULPA-ACAI,FRUTA DE PULPA DE ACAI KG,PULPA,BTL AGRONEGOCIOS,BTL AGRONEGOCIOS,195,Pesos,16,0
AT47251-3,PAQUETE DE GOMITAS DE RANAS DE 200 GRS C/U,GOMITAS,JELLY BELLY,HARIBO,191.6666,Pesos,0,8
99999995,CAR CHARGES JELLY BELLY,GOMITAS,JELLY BELLY,JELLY BELLY,188.43,Pesos,16,0
AT32367,GOMITAS HAPPY COLA  1 KG,GOMITAS,HARIBO,HARIBO,184,Pesos,0,8
KIT BITES 4 X 142,KIT BITES AMERICAN LICORICE 4 X 142 GRS,GOMITAS,AMERICAN LICORICE COMPANY,AMERICAN LICORICE COMPANY,183.33,Pesos,0,8
250LMR,LATA MINI RITTER 250GRS,NULL,RITTER,RITTER,180,Pesos,0,8
AT30185,GOMITAS DE OSITOS 1 KG,GOMITAS,HARIBO,HARIBO,180,Pesos,0,8
AT37721,GOMITAS GUSANOS 1 KG,GOMITAS,HARIBO,HARIBO,180,Pesos,0,8
AT37777,GOMITAS STARMIX 1 KG,GOMITAS,HARIBO,HARIBO,180,Pesos,0,8
CHCOVA 3,CHOCOLATE COLOR VARIETY 3 PZAS,NULL,RITTER,RITTER,179,Pesos,0,8
AT30970,GOMITAS DE CEREZAS 1 KG,GOMITAS,HARIBO,HARIBO,175,Pesos,0,8
AT31216,GOMITAS DE CHUPONES  1 KG,GOMITAS,HARIBO,HARIBO,175,Pesos,0,8
AT40526,GOMITAS SABOR FRESA 1 KG,GOMITAS,HARIBO,HARIBO,175,Pesos,0,8
CHAROLA-HA,CHAROLA DE DEGUSTACION TERMOFORMADA HARIBO,,HARIBO,HARIBO,175,Pesos,16,0
USCP2107,ESTUCHE CHOCOLATE MR BEAST EDICION PASCUA 175 GR,CHOCOLATES,FEASTABLES,FEASTABLES,175,Pesos,0,8
35777,JELLY BELLY A GRANEL 49 SABORES SURTIDOS 1 KG.,NULL,JELLY BELLY,JELLY BELLY,170,Pesos,0,8
T564,PALETA TRENZADA MEGA DISPLAY COLORES 93 GRS,,,PROCESADORA DE DULCES TIPICOS S.A. DE C.V,168.68,Pesos,0,8
1007577270K,GOMA ENCHILADA DE FRUTAS GRANEL 1 KILO,GOMITAS,BALMORO,BALMORO,166,Pesos,0,8
1082931224K,GOMA ENCHILADA DE AROS GRANEL 1 KILO,GOMITAS,BALMORO,BALMORO,166,Pesos,0,8
13656525K,GOMA DE AROS GRANEL 1 KILO,GOMITAS,BALMORO,BALMORO,166,Pesos,0,8
15996897K,GOMA DE FRUTAS A GRANEL 1 KILO,GOMITAS,BALMORO,BALMORO,166,Pesos,0,8
102131401 SP,TABLETA EFERVESCENTE ZERO NARANJA 82 G,DEXTRO,DEXTRO,DEXTRO,165.88,Pesos,16,0
102131402 SP,TABLETA EFERVESCENTE ZERO CEREZA 82 G,DEXTRO,DEXTRO,DEXTRO,165.88,Pesos,16,0
102131403 SP,TABLETA EFERVESCENTE ZERO LIMON 82 G,DEXTRO,DEXTRO,DEXTRO,165.88,Pesos,16,0
90384,MANGO ENCHILADO GRANEL LOGOR KG,FRUTA SECA,BALMORO,LOGOR,165,Pesos,0,8
AT37738 K,GOMITAS GUSANOS KILO,GOMITAS,HARIBO,HARIBO,164.5,Pesos,0,8
102131401,TABLETA EFERVESCENTE ZERO NARANJA 82 G,DEXTRO,DEXTRO,DEXTRO,163,Pesos,16,0
102131402,TABLETA EFERVESCENTE ZERO CEREZA 82 G,DEXTRO,,DEXTRO,163,Pesos,16,0
102131403,TABLETA EFERVESCENTE ZERO LIMON 82 G,DEXTRO,DEXTRO,DEXTRO,163,Pesos,16,0
36103,SUNKIST FRUIT GEMS  SIN ENVOLTURA 1 Kg,NULL,JELLY BELLY,JELLY BELLY,156,Pesos,0,8
36204K,SUNKIST FRUIT GEMS CON ENVOLTURA 1 KG.,NULL,JELLY BELLY,JELLY BELLY,156,Pesos,0,8
8103,SUNKIST FRUIT GEMS  A GRANEL 10 LBS.,NULL,JELLY BELLY,JELLY BELLY,156,Pesos,0,8
480649,ROLLOS AGRIDULCES QUATRRO BELTS BULK,DULCE C/AZ,FASCINI,FASCINI,155,Pesos,0,8
480649 G,ROLLOS AGRIDULCES QUATRRO BELTS GRANEL,GOMITAS,FASCINI,FASCINI,155,Pesos,0,8
102131401 SN,TABLETA EFERVESCENTE ZERO NARANJA 82 G,DEXTRO,DEXTRO,DEXTRO,150.26,Pesos,16,0
102131402 SN,TABLETA EFERVESCENTE ZERO CEREZA 82 G,DEXTRO,DEXTRO,DEXTRO,150.26,Pesos,16,0
102131403 SN,TABLETA EFERVESCENTE ZERO LIMON 82 G,DEXTRO,DEXTRO,DEXTRO,150.26,Pesos,16,0
32011,GOMITAS LICORICE GS,GOMITAS,HARIBO,HARIBO,150,Pesos,0,8
64797,JELLY BELLY BEAN BOOZLED FIERY FIVE SPINNER 99 GRS,GOMITAS,JELLY BELLY,JELLY BELLY,150,Pesos,0,8
10000044,CHOCOLATE AMARGO CON RELLENO DE CARAMELO S/A 82G,NULL,RUSSEL,RUSELL,139,Pesos,0,8
10000045,CHOCOLATE AMARGO CON ALMENDRAS S/A 79G,NULL,RUSSEL,RUSELL,139,Pesos,0,0
36204 H,SUNKIST FRUIT GEMS CON ENVOLTURA BOLSA 500 GRS,NULL,JELLY BELLY,JELLY BELLY,139,Pesos,0,8
MRR266,RITTER SPORT ESTUCHE CON 16 PIEZAS DE MINI RITTER,NULL,RITTER,RITTER,135,Pesos,0,8
T336,JABALINA XTREME VITROLERO ENV 50/25 G,,,PROCESADORA DE DULCES TIPICOS S.A. DE C.V,134.5,Pesos,0,8
CCC224,ESTUCHE CHOCO CUBO 224 G,CHOCOLATES,RITTER,RITTER,134,Pesos,0,8
PLYP-HARIBO,PLAYERA HARIBO TIPO POLO,NON FOODS,NON FOODS,HARIBO,128,Pesos,16,0
80042,TUTSI BOLSA FAMILIAR 1.1 KG,DULCES,TUTSI POP,TUTSI POP,125,Pesos,0,8
LD557,CHOCOLATE AMARGO RELLENO CEREZA/LICOR 336 GR,CHOCOLATES,LA SUIZA,LA SUIZA,125,Pesos,0,8
8732 DUO PACK,GOMITAS SOUR PUNCH DUO PACK  2 X 255g,GOMITAS,,AMERICAN LICORICE COMPANY,124,Pesos,0,8
MRR250,CAJA MINI RITTER 250 GRS,NULL,RITTER,RITTER,122,Pesos,0,8
64885,JB BEAN BOOZLED EXTREME SPINNER GIFT BOX 120 GRS,GOMITAS,JELLY BELLY,JELLY BELLY,121,Pesos,0,8
416,PALETOTA TUTSI POP CEREZA 20G 8/10,DULCES,TUTSI POP,TUTSI POP,120,Pesos,0,8
416 HAM,PALETOTA TUTSI POP CEREZA 20G 8/10,DULCES,TUTSI POP,TUTSI POP,120,Pesos,0,0
63965,JELLY BELLY BEAN BOOZLED DISPENSER  3.5 OZ,GOMITAS,JELLY BELLY,JELLY BELLY,120,Pesos,0,8
83773,12-5.5 OZ BERRY MIX MASON BAG,GOMITAS,JELLY BELLY,JELLY BELLY,120,Pesos,0,8
10042313,GOMITAS PARTY MIX 264GRSx12,GOMITAS,HARIBO,HARIBO,119,Pesos,0,8
GR32011,GOMITAS HAPPY COLA  10 GRS.,GOMITAS,HARIBO,HARIBO,114.5,Pesos,0,0
62213 HAM,JELLY BELLY BEAN BOOZLED GB  3.5 OZ,GOMITAS,JELLY BELLY,JELLY BELLY,112.86,Pesos,0,0
TCH8,CHILES HABANEROS TORRATOS 8 oz.,ML GOURMET,ML GOURMET,ML GOURMET,111.25,Pesos,0,0
230216,CHAROLA  C/PASTEL CON RELLENO CREMOSO SABOR BAILEYS 390G,PASTELITO BAILEYS,INTERCANDY,INTERCANDY,110,Pesos,0,8
62022,CARAMELOS MACIZOS SABOR MANTEQUILLA 43G  (BARRIL),BEBIDAS,JELLY BELLY,JELLY BELLY,105,Pesos,0,8
64750,BEAN BOOZ LED MINION GIFT BOX 3.5 OZ,GOMITAS,JELLY BELLY,JELLY BELLY,104.5,Pesos,0,8
102131650,GUMS ENERGETICOS DE COLA + CAFFEINE 45G,DEXTRO,DEXTRO,DEXTRO,100,Pesos,0,8
102131651,GUMS ENERGETICOS DE LIMON + SODIO 45G,DEXTRO,DEXTRO,DEXTRO,100,Pesos,0,8
102131653,GUMS ENERGETICOS DE CEREZA + SODIO 45G,DEXTRO,DEXTRO,DEXTRO,100,Pesos,0,8
63985,2/12-3 OZ JB TINY BEAN MACHINE,GOMITAS,JELLY BELLY,JELLY BELLY,100,Pesos,0,8
BB001,BEBIDA GASEOSA SABOR JENJIBRE 200 ML,BEBIDAS,JELLY BELLY,JELLY BELLY,100,Pesos,16,0
PLAYERA-HA,PLAYERA SELECCION HARIBO,NON FOODS,HARIBO,HARIBO,100,Pesos,16,0
PLAYERA-HA-D,PLAYERA PARA DEGUSTACIONES HARIBO,NON FOODS,HARIBO,HARIBO,100,Pesos,16,0
420T,TOOTSIE ROLL 14G VITROLERO 6/45,DULCES,TUTSI POP,TUTSI POP,99,Pesos,0,8
PLY-HARIBO,PLAYERA HARIBO CUELLO REDONDO,NON FOODS,NON FOODS,HARIBO,98,Pesos,16,0
CHOC3000,MR BEAST 3 PACK CHOCOLATES SURTIDOS,CHOCOLATES,FEASTABLES,FEASTABLES,96,Pesos,0,8
CAP-HARIBO,GORRA HARIBO,NON FOODS,NON FOODS,HARIBO,93,Pesos,16,0
32011K HAR,GOMITAS HAPPY COLA  1Kg.,GOMITAS,HARIBO,HARIBO,85.75,Pesos,0,8
102131098 SP,CARAMELOS DE DEXTROSA SURTIDOS (SPORT TABLETS),DEXTRO,DEXTRO,DEXTRO,85.05,Pesos,0,8
1924,SPINNER RADZ BRANDS,JUGUETES,RADZ BRANDS,RADZ BRANDZ,85,Pesos,16,0
64812,JELLY BELLY BNZA 10 FL S/F GB 4.25 OZ,GOMITAS,JELLY BELLY,JELLY BELLY,85,Pesos,0,8
72528,JELLY BELLY BOLSA 20 SABORES....,GOMITAS,JELLY BELLY,JELLY BELLY,85,Pesos,0,8
8513,TWIST INDIVIDUALES SABORES SURTIDOS 255g,AGRIDULCES,,AMERICAN LICORICE COMPANY,85,Pesos,0,8
FA PALP/6U,FAJILLA TIRAS DELGADAS DE CORAZON DE PALMITO (LINGUINE),PALMINI,OA FOODS LLC,OA FOODS LLC,85,Pesos,16,0
PAHP/6U,PALMINI/OA PALMINI TIRAS DELGADAS DE CORAZON DE PALMITO (ANGEL HAIR),PALMINI,OA FOODS LLC,OA FOODS LLC,85,Pesos,0,0
PALMP/6U,PALMINI/OA PALMINI PURE DE CORAZON DE PALMITO (MASHED),PALMINI,OA FOODS LLC,OA FOODS LLC,85,Pesos,0,0
PALP/6U,PALMINI/OA PALMINI TIRAS DELGADAS DE CORAZON DE PALMITO (LINGUINE),PALMINI,OA FOODS LLC,OA FOODS LLC,85,Pesos,0,0
PARP/6U,PALMINI/OA PALMINI CORAZON DE PALMITO (RICE),PALMINI,OA FOODS LLC,OA FOODS LLC,85,Pesos,0,0
PLASP/6U,PALMINI/OA PALMINI TIRAS FINAS DE CORAZON DE PALMITO (LASAGNA),PALMINI,OA FOODS LLC,OA FOODS LLC,85,Pesos,0,0
5500,ESTUCHE DE AZUCAR BLANCA 10 PZAS.,AZUCAR,DRYDEN,DRYDEN,84,Pesos,0,8
5501,ESTUCHE DE AZUCAR SABOR CARAMELO 10 PZAS.,AZUCAR,DRYDEN,DRYDEN,84,Pesos,0,8
5502,ESTUCHE DE AZUCAR SABOR AMARETTO 10 PZAS.,AZUCAR,DRYDEN,DRYDEN,84,Pesos,0,8
5503,ESTUCHE DE AZUCAR SABOR AVELLANA 10 PZAS.,AZUCAR,DRYDEN,DRYDEN,84,Pesos,0,8
5504,ESTUCHE DE AZUCAR SABOR MOCCA 10 PZAS.,AZUCAR,DRYDEN,DRYDEN,84,Pesos,0,8
015577-63 STO,CHOCOLATE LECHE MERCI 250GRS,NULL,STORCK,STORCK,83.6,Pesos,0,8
102231247,BEBIDA EN GEL GROSELLA NEGRA 60 ML,DEXTRO,DEXTRO,DEXTRO,83,Pesos,16,0
102231247 SP,BEBIDA EN GEL GROSELLA NEGRA 60 ML,DEXTRO,DEXTRO,DEXTRO,83,Pesos,16,0
102231255,BEBIDA EN GEL TORONJA 60 ML,DEXTRO,DEXTRO,DEXTRO,83,Pesos,16,0
4165,TUTSI POP TIRA EXHIBIDORA 20G 16/24,DULCES,TUTSI POP,TUTSI POP,82,Pesos,0,8
62026,JELLY BELLY HARRY POTTER LATAS 28 GRAMOS,GOMITAS,JELLY BELLY,JELLY BELLY,82,Pesos,0,8
UE6249,"CHOCO CON LECHE, ARANDANOS Y AVELLANAS 250 G",TABLETAS CHOCOLATE,RITTER,RITTER,82,Pesos,0,8
6735,HOJAS DE PARRA RELLENAS DE ARROZ Y PIMIENTO 280g,PARILIA,PALIRIA,PALIRIA,81.5,Pesos,0,0
20028,2/12-4.5 OZ JB SORS BOX,GOMITAS,JELLY BELLY,JELLY BELLY,80,Pesos,0,8
20029,2/12-4.5 OZ JB TROPICAL BOX,GOMITAS,JELLY BELLY,JELLY BELLY,80,Pesos,0,8
25002,JELLY BELLY GOMITAS SURTIDAS 198 GRS/7 ONZ,GOMITAS,JELLY BELLY,JELLY BELLY,79,Pesos,0,8
25002 HAM,JELLY BELLY GOMITAS SURTIDAS 198 GRS/7 ONZ,GOMITAS,JELLY BELLY,JELLY BELLY,79,Pesos,0,0
25003,JELLY BELLY GOMITAS AGRIDULCES 198 GRS/7 ONZ,GOMITAS,JELLY BELLY,JELLY BELLY,79,Pesos,0,8
25003 HAM,JELLY BELLY GOMITAS AGRIDULCES 198 GRS/7 ONZ,GOMITAS,JELLY BELLY,JELLY BELLY,79,Pesos,0,0
MRR116,MINI RITTER SPORT ESTUCH CON 116 GRS,CHOCOLATES,RITTER,RITTER,77,Pesos,0,8
30250 HAR,GOMITAS DE OSITOS 816 G,GOMITAS,HARIBO,HARIBO,75,Pesos,0,8
31238 HAR,GOMITAS DE OSITOS ACIDULADOS DE 726 G,GOMITAS,HARIBO,HARIBO,75,Pesos,0,8
480648 K,GOMITAS MINI BELT 1 KG,GOMITAS,FASCINI,FASCINI,75,Pesos,0,8
650,LATA FRUTAS MIXTAS CON DULCES 125 GRS.,DULCES,CHURCHILLS,CHURCHILLS,73,Pesos,0,8
EX6039,CHOCOLATE LECHE EXTRAFINO 250 G,NULL,RITTER,RITTER,72.5,Pesos,0,8
EX6069,CHOCOLATE CON LECHE 40% CACAO 250 G,TABLETAS CHOCOLATE,RITTER,RITTER,72.5,Pesos,0,8
TCJ8,CHILES JALAPE�OS TORRATOS 8 oz.,ML GOURMET,ML GOURMET,ML GOURMET,72.5,Pesos,0,0
TCS8,CHILES SERRANOS TORRATOS 8 oz,ML GOURMET,ML GOURMET,ML GOURMET,72.5,Pesos,0,0
UE6139,"CHOCO CON LECHE, AVELLANAS ENTERAS Y HOJUELAS DE MA�Z 250 G",TABLETAS CHOCOLATE,RITTER,RITTER,72.5,Pesos,0,8
UE6229,CHOCOLATE CON TROZOS DE AVELLANA 250 G,TABLETAS CHOCOLATE,RITTER,RITTER,72.5,Pesos,0,8
UE6239,CHOCOLATE CON LECHE CON CORN FLAKES RITTER 250 G,TABLETAS CHOCOLATE,RITTER,RITTER,72.5,Pesos,0,8
436,TUTSI BOTA NAVIDE�A 26/420G,DULCES,TUTSI POP,TUTSI POP,72,Pesos,0,8
102131308 SP,BARRA DE ENERGIA SABOR VAINILLA 50 GRS,DEXTRO,DEXTRO,DEXTRO,71.2476,Pesos,0,8
102131309 SP,BARRA DE ENERGIA SABOR CHOCOLATE 50 GRS,DEXTRO,DEXTRO,DEXTRO,71.2476,Pesos,0,8
102231252 SP,BARRA DE PROTEINA SABOR CHOCOLATE 50 G,DEXTRO,DEXTRO,DEXTRO,71.2476,Pesos,0,8
102231253 SP,BARRA DE PROTEINA SABOR VAINILLA-COCO 50 G,DEXTRO,DEXTRO,DEXTRO,71.2476,Pesos,0,8
102231254 SP,BARRA DE PROTEINA SABOR GALLETAS CON CARAMELO 50 GRS,DEXTRO,DEXTRO,DEXTRO,71.2476,Pesos,0,8
038927-80 STO,CHOCOLATE LECHE  MERCI  200 G,NULL,STORCK,STORCK,70,Pesos,0,8
46110,"JELLY BELLY LOLLIPOPS BUBBLE GUM, GRAPE 1.5 OZ",GOMITAS,JELLY BELLY,JELLY BELLY,70,Pesos,0,8
GORRA-HA,GORRA SELECCION HARIBO,GOMITAS,HARIBO,HARIBO,70,Pesos,16,0
6743,HOJAS DE PARRA RELLENAS DE ARROZ Y HIERBAS 280g,PARILIA,PALIRIA,PALIRIA,69,Pesos,0,0
102131098,CARAMELOS DE DEXTROSA SURTIDOS (SPORT TABLETS),DEXTRO,DEXTRO,DEXTRO,68,Pesos,0,8
102131345,TABLETAS DE SAL SABOR LIMON,DEXTRO,DEXTRO,DEXTRO,68,Pesos,16,8
1438,HOJAS DE PARRA RELLENAS DE MEZCLA DE QUINOAS 200g,PARILIA,PALIRIA,PALIRIA,67.5,Pesos,0,0
102231214 SP,BEBIDA EN GEL NARANJA 60 ML,DEXTRO,DEXTRO,DEXTRO,66.83,Pesos,16,0
102231246 SP,BEBIDA EN GEL MANZANA 60 ML,DEXTRO,DEXTRO,DEXTRO,66.83,Pesos,16,0
102231255 SP,BEBIDA EN GEL TORONJA 60 ML,DEXTRO,DEXTRO,DEXTRO,66.83,Pesos,16,0
64810,JELLY BELLY BNZA 10 FLV  GB 4.25 OZ,GOMITAS,JELLY BELLY,JELLY BELLY,65,Pesos,0,8
8303655,PALETA MEGA CHUPA CHUPS 120GRS,DULCES,PERFETTI VAN MELLE MEXICO,PERFETTI VAN MELLE MEXICO,63,Pesos,0,8
UE67099,CHOCOLATE CON LECHE CON PISTACHE RITTER 100 G,TABLETAS CHOCOLATE,RITTER,RITTER,63,Pesos,0,8
015560-63 STO,CHOCOLATE  MERCI  250GRS,NULL,STORCK,STORCK,62.5,Pesos,0,8
66378,GOMITAS SABORES SURTIDOS HP 59 G,BEBIDAS,JELLY BELLY,JELLY BELLY,62,Pesos,0,8
13200,GALLETAS CRUJIENTES CUBIERTAS DE CHOC AMARGO 90 g,GALLETAS,GAVOTTES,GAVOTTES,61.5,Pesos,0,8
6745,BERENJENAS FRITAS RELLENAS DE CEBOLLA Y SALSA DE TOMATE 280g,PARILIA,PALIRIA,PALIRIA,61.5,Pesos,0,0
130300,GALLETAS CRUJIENTES RELLENA DE CREMA AVELLANAS 90 g,GALLETAS,GAVOTTES,GAVOTTES,60,Pesos,0,8
66267,JELLY BELLY HARRY POTTER CHOCO FROGS .55 OZ,GOMITAS,JELLY BELLY,JELLY BELLY,60,Pesos,0,8
80091,TUTSI BOTA NAVIDE�A 420G,DULCES,TUTSI POP,TUTSI POP,60,Pesos,0,8
45015 HAM,JELLY BELLY GOMITAS SURTIDAS 99 GRS/3.5 ONZ,GOMITAS,JELLY BELLY,JELLY BELLY,59.4,Pesos,0,0
45016 HAM,JELLY BELLY GOMITAS AGRIDULCES 99 GRS/3.5 ONZ,GOMITAS,JELLY BELLY,JELLY BELLY,59.4,Pesos,0,0
1031B,CHOCOLATE VEGANO C/ALMENDRAS CRUJIENTES 100 G,TABLETAS CHOCOLATE,RITTER,RITTER,59,Pesos,0,8
1061B,CHOCOLATE RITTER SPORT VEGANO C/ CACAHUATE 100 G,TABLETAS CHOCOLATE,RITTER,RITTER,59,Pesos,0,8
1071B,CHOCOLATE RITTER SPORT VEGANO CON CARAMELO 100 G,TABLETAS CHOCOLATE,RITTER,RITTER,59,Pesos,0,8
1091B,CHOCOLATE RITTER SPORT SUAVE VEGANO 100 G,TABLETAS CHOCOLATE,RITTER,RITTER,59,Pesos,0,8
45015,JELLY BELLY GOMITAS SURTIDAS 99 GRS/3.5 ONZ,GOMITAS,JELLY BELLY,JELLY BELLY,59,Pesos,0,8
45016,JELLY BELLY GOMITAS AGRIDULCES 99 GRS/3.5 ONZ,GOMITAS,JELLY BELLY,JELLY BELLY,59,Pesos,0,8
476,TUTSI POP 20G CAJITA 4/16,DULCES,TUTSI POP,TUTSI POP,59,Pesos,0,8
50192101K,MANGO LIMON GRANEL 1 KG,FRUTA SECA,BALMORO,BALMORO,59,Pesos,0,8
RT-02,ESTUCHE REGALO CHOCOLATE RITTER 2 X 100 GRS.,TABLETAS CHOCOLATE,RITTER,RITTER,59,Pesos,0,0
2720 M,GALLETA CRUJIENTE RELLENA CON CREMA DE VAINILLA 200G,GALLETAS,MANNER,MANNER,58,Pesos,0,8
102231214,BEBIDA EN GEL NARANJA 60 ML,DEXTRO,DEXTRO,DEXTRO,57,Pesos,16,0
102231246,BEBIDA EN GEL MANZANA 60 ML,DEXTRO,DEXTRO,DEXTRO,57,Pesos,16,0
102231256,BEBIDA EN GEL CLASSIC 60 ML,DEXTRO,DEXTRO,DEXTRO,57,Pesos,16,0
80268,TUTSI BASTON NAVIDE�O 26/300G,DULCES,TUTSI POP,TUTSI POP,57,Pesos,0,8
AD223 LON,TE DE MENTA CON 20 SOBRES,TE,LONDON FRUIT & HERB CO.,LONDON FRUIT & HERB CO.,57,Pesos,0,0
FW7049,RITTER SPORT CHOC CON LECHE CON ALMENDRA MIEL Y SAL 100 G,TABLETAS CHOCOLATE,RITTER,RITTER,57,Pesos,0,8
80028,TUTSI HOT 20G CAJITA 4/16,DULCES,TUTSI POP,TUTSI POP,56,Pesos,0,8
AT39535,GOMITAS DE OSITOS MINI MAXI DE 250 GRS.,GOMITAS,HARIBO,HARIBO,56,Pesos,0,8
102131308,BARRA DE ENERGIA SABOR VAINILLA 50 GRS,DEXTRO,DEXTRO,DEXTRO,55,Pesos,0,8
102131309,BARRA DE ENERGIA SABOR CHOCOLATE 50 GRS,DEXTRO,DEXTRO,DEXTRO,55,Pesos,0,8
102131326,BARRA DE ENERGIA SABOR PAY DE LIMON 50 GRS,DEXTRO,DEXTRO,DEXTRO,55,Pesos,0,8
102131326 SP,BARRA DE ENERGIA SABOR PAY DE LIMON 50 GRS,DEXTRO,DEXTRO,DEXTRO,55,Pesos,0,8
102131327,BARRA DE ENERGIA SABOR NUEZ Y SAL 50 GRS,DEXTRO,DEXTRO,DEXTRO,55,Pesos,0,8
102131327 SP,BARRA DE ENERGIA SABOR NUEZ Y SAL 50 GRS,DEXTRO,DEXTRO,DEXTRO,55,Pesos,0,8
102231252,BARRA DE PROTEINA SABOR CHOCOLATE 50 G,DEXTRO,DEXTRO,DEXTRO,55,Pesos,0,8
102231253,BARRA DE PROTEINA SABOR VAINILLA-COCO 50 G,DEXTRO,DEXTRO,DEXTRO,55,Pesos,0,8
MORRAL-HA,MORRAL SELECCION HARIBO,NON FOODS,HARIBO,HARIBO,55,Pesos,16,0
2752 M,GALLETA CRUJIENTE RELLENA DE CREMA DE CARAMELO 200G,GALLETAS,MANNER,MANNER,53,Pesos,0,8
AMK-PL008,AMOS GOMITAS PELABLE EDICION FAN PARTY 170 GR,GOMITAS,LANEZI,LANEZI,53,Pesos,0,8
EF62029,CHOCOLATE AMARGO CON HOJUELAS DE MAIZ Y CAFE 100g,TABLETAS CHOCOLATE,RITTER,RITTER,53,Pesos,0,8
FS62609,RITTER SPORT CHOCOLATE 70% CACAO 100 G,TABLETAS CHOCOLATE,RITTER,RITTER,53,Pesos,0,8
5513,MINICHERRY CAJITA ICEE 24/9/50,CANEL�S,CANEL�S,CANEL�S,52,Pesos,0,8
1295,MOSTAZA COLMANS EN POLVO 113 grs.,MOSTAZAS,LYNTON,LYNTON,51.5,Pesos,0,0
8354,BITES SABORES SURTIDOS 105 GRS 12/3.7 OZ,AGRIDULCES,,AMERICAN LICORICE COMPANY,51.5,Pesos,0,8
8354 HAM,BITES SABORES SURTIDOS 105 GRS 12/3.7 OZ,GOMITAS,,AMERICAN LICORICE COMPANY,51.5,Pesos,0,0
8356,BITES SABORES FRUTOS ROJOS 105 GRS 12/3.7 OZ,GOMITAS,,AMERICAN LICORICE COMPANY,51.5,Pesos,0,8
8356 HAM,BITES SABORES FRUTOS ROJOS 105 GRS 12/3.7 OZ,GOMITAS,,AMERICAN LICORICE COMPANY,51.5,Pesos,0,0
8357,BITES SABORES FRUTAS TROPICALES 105 GRS 12/3.7 OZ,GOMITAS,,AMERICAN LICORICE COMPANY,51.5,Pesos,0,8
8357 HAM,BITES SABORES FRUTAS TROPICALES 105 GRS 12/3.7 OZ,GOMITAS,,AMERICAN LICORICE COMPANY,51.5,Pesos,0,0
8732,SP BITES SUB ASSORTED 12/9 OZ,GOMITAS,,AMERICAN LICORICE COMPANY,51.5,Pesos,0,8
8736,SP BITES SUB TROPICAL 12/9 OZ,GOMITAS,,AMERICAN LICORICE COMPANY,51.5,Pesos,0,8
102131087 SP,POLVO RECOVERY FRUTAS TROP 44.5 G,DEXTRO,DEXTRO,DEXTRO,51.2,Pesos,16,0
20854,GOMITAS HONEY STINGER CHERRY BLOSSON 50G,,HONEY STINGER,HONEY STINGER,51,Pesos,0,8
20915,GOMITAS HONEY STINGER LIME CAFEINA 50G,,HONEY STINGER,HONEY STINGER,51,Pesos,0,8
20977,GOMITAS HONEY STINGER POMAGRATE 50G,,HONEY STINGER,HONEY STINGER,51,Pesos,0,8
41070,JELLY BELLY LICORICE BRIDGE MIX 3 OZ,GOMITAS,JELLY BELLY,JELLY BELLY,51,Pesos,0,8
45104,SUNKIST FRUIT SLICES 3.5 oz. (99 grs.),NULL,JELLY BELLY,JELLY BELLY,51,Pesos,0,8
45116,JELLY BELLY GUMMI BEARS BAG 3 OZ,GOMITAS,JELLY BELLY,JELLY BELLY,51,Pesos,0,8
45118,JELLY BELLY CANDY CORN BAG 3 OZ,GOMITAS,JELLY BELLY,JELLY BELLY,51,Pesos,0,8
45310,JELLY BELLY RASPB & BLKBRRS BAG 2.75 OZ,GOMITAS,JELLY BELLY,JELLY BELLY,51,Pesos,0,8
66115,JELLY BELLY TROPICAL  3.5 OZ,GOMITAS,JELLY BELLY,JELLY BELLY,51,Pesos,0,8
66116,JELLY BELLY COCKTAIL CLASSICS MIX 3.5 OZ,GOMITAS,JELLY BELLY,JELLY BELLY,51,Pesos,0,8
66121,JELLY BELLY JUICY PEAR   3.5 OZ,GOMITAS,JELLY BELLY,JELLY BELLY,51,Pesos,0,8
66124,JELLY BELLY ROSE GRAB N GO BAG 3.5 OZ,GOMITAS,JELLY BELLY,JELLY BELLY,51,Pesos,0,8
66125,JELLY BELLY VERY CHERRY  3.5 OZ,GOMITAS,JELLY BELLY,JELLY BELLY,51,Pesos,0,8
66142,JELLY BELLY BIRTHDAY CAKE GNG BAG 3.5 OZ,GOMITAS,JELLY BELLY,JELLY BELLY,51,Pesos,0,8
66867,JELLY BELLY COTTON CANDY 3.5 OZ,GOMITAS,JELLY BELLY,JELLY BELLY,51,Pesos,0,8
66891,JELLY BELLY SUNKIST CITRUS MIX  3 OZ,GOMITAS,JELLY BELLY,JELLY BELLY,51,Pesos,0,8
66923,JELLY BELLY BUBBLE GUM 3.5 OZ,GOMITAS,JELLY BELLY,JELLY BELLY,51,Pesos,0,8
66935,JELLY BELLY S`MORES GNG 3.5 OZ,GOMITAS,JELLY BELLY,JELLY BELLY,51,Pesos,0,8
66936,JELLY BELLY LEMON MERINGUE GNG 3.5 OZ,GOMITAS,JELLY BELLY,JELLY BELLY,51,Pesos,0,8
66938,JELLY BELLY KIDS MIX BAG   3.5 OZ,GOMITAS,JELLY BELLY,JELLY BELLY,51,Pesos,0,8
76976,JELLY BELLY POMEGRANATE 3.5 OZ,GOMITAS,JELLY BELLY,JELLY BELLY,51,Pesos,0,8
EF9389,CHOCOLATE AMARGO 81% COCOA 100G,TABLETAS CHOCOLATE,RITTER,RITTER,51,Pesos,0,8
857022 DISPLAY,12 PZ MENTOS ROLL MENTA 29.7 GRS,DULCES,PERFETTI VAN MELLE MEXICO,PERFETTI VAN MELLE MEXICO,50.4,Pesos,0,8
857303 DISPLAY,12 PZ MENTOS ROLL FRUTAS 29.7 GRS,DULCES,PERFETTI VAN MELLE MEXICO,PERFETTI VAN MELLE MEXICO,50.4,Pesos,0,8
20588,BARRA PROTEIN HONEY STINGER BERRY BANANA 50G,,HONEY STINGER,HONEY STINGER,50,Pesos,0,8
20618,BARRA PROTEIN HONEY STINGER CHOCO 50G,,HONEY STINGER,HONEY STINGER,50,Pesos,0,8
20649,BARRA PROTEIN HONEY STINGER PEANUT BUTTER 50G,,HONEY STINGER,HONEY STINGER,50,Pesos,0,8
20700,BARRA PROTEIN HONEY STINGER CHOCO COCO ALM 42G,,HONEY STINGER,HONEY STINGER,50,Pesos,0,8
20731,BARRA PROTEIN HONEY STINGER CHOCO CHERRY 42G,,HONEY STINGER,HONEY STINGER,50,Pesos,0,8
42224,DISPENSADOR DE FIGURA TRANSFORMERS PEZ,DULCE C/AZ,PEZ,PEZ,50,Pesos,16,0
502509,MANGO ENCHILADO 250 GRS,FRUTA SECA,BALMORO,BALMORO,50,Pesos,0,8
603503,PI�A ENCHILADA 350 GRS,FRUTA SECA,BALMORO,BALMORO,50,Pesos,0,8
64224,DISPENSADOR DE FIGURA PEZ BOB ESPONJA,DULCE C/AZ,PEZ,PEZ,50,Pesos,16,0
66331 JEL,JELLY BELLY SABOR CERVEZA 100 G,NULL,JELLY BELLY,JELLY BELLY,50,Pesos,0,8
6831224,DISPENSADOR DE PEZ MINECRAFT,DULCE C/AZ,PEZ,PEZ,50,Pesos,16,0
702503,MANGO LIMON 250 GRS,FRUTA SECA,BALMORO,BALMORO,50,Pesos,0,8
62030,JELLY BELLY ASST BEAN TIN 1.7 OZ.,NULL,JELLY BELLY,JELLY BELLY,49,Pesos,0,8
EF9319,CHOCOLATE AMARGO 55% COCOA 100 G,TABLETAS CHOCOLATE,RITTER,RITTER,49,Pesos,0,8
EF9320,CHOCOLATE AMARGO 61% COCOA 100 G,TABLETAS CHOCOLATE,RITTER,RITTER,49,Pesos,0,8
EF9330,CHOCOLATE AMARGO 74% COCOA,TABLETAS CHOCOLATE,RITTER,RITTER,49,Pesos,0,8
USCL1011,CHOCOLATE MR BEAST PASTEL DE CUMPLEA�OS 60 GR,CHOCOLATES,FEASTABLES,FEASTABLES,48,Pesos,0,8
61805 HAM,JB HARRY POTTER BERTIE BOTTS BOX 1.2 OZ,GOMITAS,JELLY BELLY,JELLY BELLY,47.52,Pesos,0,0
WF7009 HAM,CHOCOLATE CON LECHE CON AVELLANAS RITTER 100 G,TABLETAS CHOCOLATE,RITTER,RITTER,47.52,Pesos,0,0
WF7019 HAM,CHOCOLATE BLANCO CON AVELLANAS ENTERAS 100 GRS,TABLETAS CHOCOLATE,RITTER,RITTER,47.52,Pesos,0,0
WF7029 HAM,CHOCO AMARGO CON AVELLANAS ENTERAS RITTER 100 G,TABLETAS CHOCOLATE,RITTER,RITTER,47.52,Pesos,0,0
WF7039 HAM,CHOCOLATE CON LECHE CON ALMENDRAS RITTER 100 G,TABLETAS CHOCOLATE,RITTER,RITTER,47.52,Pesos,0,0
66268,JB HARRY POTTER SLUGS CADDY 2.1 OZ,GOMITAS,JELLY BELLY,JELLY BELLY,47.5,Pesos,0,8
UE2009,CHOCOLATE YOGURTH CON MORAS RITTER 100 G,TABLETAS CHOCOLATE,RITTER,RITTER,47.5,Pesos,0,8
UE2159,CHOCO CON LECHE RELLENO DE CREMA DE COCO Y GALLETA 100 G,TABLETAS CHOCOLATE,RITTER,RITTER,47.5,Pesos,0,8
UE2169,CHOCO CON LECHE RELLENO DE YOGURTH TROZOS DE AVELLAS 100 G,TABLETAS CHOCOLATE,RITTER,RITTER,47.5,Pesos,0,8
UE2179,CHOCO BLANCO RELENO DE CREMA DE MANGO Y MARACUYA 100 G,TABLETAS CHOCOLATE,RITTER,RITTER,47.5,Pesos,0,8
UE3009,CHOCOLATE COCO CON MACARRON 100 GRS,TABLETAS CHOCOLATE,RITTER,RITTER,47.5,Pesos,0,8
47789,VITROLERO WARHEADS 469 g.,AGRIDULCES,FOREIGN,FOREIGN,46,Pesos,0,0
47789K,MEGA WARHEADS A GRANEL 1 KG.,AGRIDULCES,FOREIGN,FOREIGN,46,Pesos,0,0
USCL1001,CHOCOLATE MR BEAST CON LECHE CON TROZOS DE ALMENDRAS 60 GR,CHOCOLATES,FEASTABLES,FEASTABLES,46,Pesos,0,8
USCL1003,CHOCOLATE MR BEAST CON LECHE 60 GR,CHOCOLATES,FEASTABLES,FEASTABLES,46,Pesos,0,8
USCL1006,CHOCOLATE MR BEAST CON LECHE CON ARROZ INFLADO 60 GR,CHOCOLATES,FEASTABLES,FEASTABLES,46,Pesos,0,8
USCL1007,CHOCOLATE MR BEAST CON LECHE CON CREMA DE CACAHUATE 60 GR,CHOCOLATES,FEASTABLES,FEASTABLES,46,Pesos,0,8
USCL1008,CHOCOLATE MR BEAST COOKIES AND CREAM 60 GR,CHOCOLATES,FEASTABLES,FEASTABLES,46,Pesos,0,8
EX119 HAM,CHOCOLATE CON LECHE CON CORN FLAKES RITTER 100 GRS.,TABLETAS CHOCOLATE,RITTER,RITTER,45.9,Pesos,0,0
3224,DISPENSADOR PEPPA PIG DE PEZ,DULCE C/AZ,PEZ,PEZ,45.5,Pesos,16,0
8224,DISPENSADOR PIKACHU DE PEZ,DULCE C/AZ,PEZ,PEZ,45.5,Pesos,16,0
10224,DISPENSADOR ASTERIX DE PEZ,DULCE C/AZ,PEZ,PEZ,45.5,Pesos,16,0
108224,DISPENSADOR DE PEZ SCOOBY DOO,DULCE C/AZ,PEZ,PEZ,45.5,Pesos,16,0
240224,DISPENSADOR DE PEZ MARS MISSION,DULCE C/AZ,PEZ,PEZ,45.5,Pesos,16,0
27224,DISPENSADOR DE PEZ HELLO KITTY,DULCE C/AZ,PEZ,PEZ,45.5,Pesos,16,0
33224,DISPENSADOR DE PEZ BARBIE,DULCE C/AZ,PEZ,PEZ,45.5,Pesos,16,0
70224,DISPENSADOR DE PEZ ANIMAL CROSSING,DULCE C/AZ,PEZ,PEZ,45.5,Pesos,16,0
80224,DISPENSADOR LITTLE PONY DE PEZ,DULCE C/AZ,PEZ,PEZ,45.5,Pesos,16,0
879224,DISPENSADOR DE GABBY�S DOLLLHOUSE,DULCE C/AZ,PEZ,PEZ,45.5,Pesos,16,0
97224,DISPENSADOR DE PEZ PLAY MOBIL,DULCE C/AZ,PEZ,PEZ,45.5,Pesos,16,0
98224,DISPENSADOR DE PEZ LOONEY TUNES,DULCE C/AZ,PEZ,PEZ,45.5,Pesos,16,0
99224,DISPENSADOR DE PEZ DC HEROES,DULCE C/AZ,PEZ,PEZ,45.5,Pesos,16,0
997224,DISPENSADOR DE PEZ HELLO KITTY 2024,DULCE C/AZ,PEZ,PEZ,45.5,Pesos,16,0
C1224,DISPENSADOR DE PEZ SONIC,DULCE C/AZ,PEZ,PEZ,45.5,Pesos,16,0
E1224,DISPENSADOR DE PEZ KITTY DOG FRIEND,DULCE C/AZ,PEZ,PEZ,45.5,Pesos,16,0
G1224,DISPENSADOR DE PEZ CARE BEARS,DULCE C/AZ,PEZ,PEZ,45.5,Pesos,16,0
102131087,POLVO RECOVERY FRUTAS TROP 44.5 G,DEXTRO,DEXTRO,DEXTRO,45,Pesos,16,0
725.70.2501,HOJUELAS DE CHOCO CON LECHE Y ARROZ INFLADO 80g,TABLETAS CHOCOLATE,CHOCOLA�S,CHOCOLA�S,45,Pesos,0,8
725.70.2503,HOJUELAS CHOC C/LECHE Y ARROZ INFLADO SABOR NJA 80g,CHOCOLATES,CHOCOLA�S,CHOCOLA�S,45,Pesos,0,8
725.70.2504,HOJUELAS CHOC C/LECHE Y ARROZ INFLADO CON AVEL 80g,CHOCOLATES,CHOCOLA�S,CHOCOLA�S,45,Pesos,0,8
UE2749,CHOCOLATE CON LECHE CON CREMA FRAMBUESA 100 GRS,TABLETAS CHOCOLATE,RITTER,RITTER,45,Pesos,0,8
UE9289,CHOCOLATE BLANCO CON WAFFER DE LIMON 100G,TABLETAS CHOCOLATE,RITTER,RITTER,45,Pesos,0,8
UE9309,CHCOLATE AMARGO RELLENO DE CFREMA DE MENTA 100 G,TABLETAS CHOCOLATE,RITTER,RITTER,45,Pesos,0,8
UE9359,CHOCOLATE CON MOUSSE DE FRESA 100 G,TABLETAS CHOCOLATE,RITTER,RITTER,45,Pesos,0,8
9680N RUS,SF PANNED PNUT PEG BAG 3.6 OZ,NULL,RUSSEL,RUSELL,44.5,Pesos,0,8
9962NP RUS,SF PB CRUNCH PEG BAG 3.0 OZ,NULL,RUSSEL,RUSELL,44.5,Pesos,0,8
EX189 HAM,CHOCO CON LECHE EXTRAFINO RITTER 100 G,TABLETAS CHOCOLATE,RITTER,RITTER,44.36,Pesos,0,0
EX129 HAM,CHOCOLATE RON CON PASAS  100 GRS.,TABLETAS CHOCOLATE,RITTER,RITTER,43.36,Pesos,0,0
EX209 HAM,CHOCOLATE AMARGO 50% COCOA RITTER 100 GRS.,TABLETAS CHOCOLATE,RITTER,RITTER,43.36,Pesos,0,0
EX2149 HAM,CHOCOLATE DE LECHE CON GALLETA 100 GRS.,TABLETAS CHOCOLATE,RITTER,RITTER,43.36,Pesos,0,0
EX259 HAM,CHOCOLATE AMARGO CON MAZAPAN RITTER 100 G,TABLETAS CHOCOLATE,RITTER,RITTER,43.36,Pesos,0,0
EX2699 HAM,CHOCOLATE LECHE FRESA CON YOGURTH RITTER 100 GRS.,TABLETAS CHOCOLATE,RITTER,RITTER,43.36,Pesos,0,0
WF289 HAM,CHOCOLATE AMARGO RELLENO DE CREMA DE MENTA 100 G,TABLETAS CHOCOLATE,RITTER,RITTER,43.36,Pesos,0,0
10043488 HAM,GOMITAS HAPPY COLA 160GRSX30,GOMITAS,HARIBO,HARIBO,43.2,Pesos,0,0
10043490 HAM,GOMITAS STARMIX 160GRSX30,GOMITAS,HARIBO,HARIBO,43.2,Pesos,0,0
10043492 HAM,GOMITAS GUSANOS 160GRSX30,GOMITAS,HARIBO,HARIBO,43.2,Pesos,0,0
10043494 HAM,GOMITAS OSITOS 160GRSX30,GOMITAS,HARIBO,HARIBO,43.2,Pesos,0,0
224 PEND,DISPENSADOR DE PEZ POR MAQUILAR,DULCE C/AZ,PEZ,PEZ,43,Pesos,16,0
62046,JELLY BELLY ASST BEAN TIN 2.25 OZ.,NULL,JELLY BELLY,JELLY BELLY,43,Pesos,0,8
80623 PIM,GOMITA AGRIDULCE SABOR SANDIA 241g,GOMITAS,PROMOTION IN MOTION,PROMOTION IN MOTION,43,Pesos,0,8
80625 PIM,GOMITA AGRIDULCE ( JACKS ) 255g,GOMITAS,PROMOTION IN MOTION,PROMOTION IN MOTION,43,Pesos,0,8
80631 PIM,GOMITA AGRIDULCE ( GUSANOS ) 227g,GOMITAS,PROMOTION IN MOTION,PROMOTION IN MOTION,43,Pesos,0,8
C9224,DISPENSADOR FIGURA DE ABEJA  DE PEZ,DULCE C/AZ,PEZ,PEZ,43,Pesos,16,0
T1224,DISPENSADOR DE PEZ MIRACULOUS,DULCE C/AZ,PEZ,PEZ,43,Pesos,16,0
X8224,DISPENSADOR DE PEZ 44 CATS,DULCE C/AZ,PEZ,PEZ,43,Pesos,16,0
Z4224,DISPENSADOR DE PEZ SING II,DULCE C/AZ,PEZ,PEZ,43,Pesos,16,0
61800 HAM,CAJA SABORES BEANBOOZLED 1.6 OZ.,NULL,JELLY BELLY,JELLY BELLY,42.77,Pesos,0,0
80092,TUTSI BOTA NAVIDE�A 300G,DULCES,TUTSI POP,TUTSI POP,42.5,Pesos,0,8
UE9299,CHOCO LECHE RELLENO CON CREMA DE AVELLANA 100 G,TABLETAS CHOCOLATE,RITTER,RITTER,42.5,Pesos,0,8
102131094 SP,POLVO ISO FAST FRUTAS 56 G,DEXTRO,DEXTRO,DEXTRO,42.39,Pesos,16,0
102131096 SP,POLVO ISO FAST NARANJA 56 G,DEXTRO,DEXTRO,DEXTRO,42.39,Pesos,16,0
102131311 SP,POLVO RECOVERY FRUTAS 356 GRS,DEXTRO,DEXTRO,DEXTRO,42.18,Pesos,16,0
CH PALP,CHAROLA 4 PACK PALMINI TIRAS DELGADAS DE CORAZON DE PALMITO (LINGUINE),PALMINI,OA FOODS LLC,OA FOODS LLC,42,Pesos,16,0
EX189,CHOCO CON LECHE EXTRAFINO RITTER 100 G,TABLETAS CHOCOLATE,RITTER,RITTER,40.15,Pesos,0,8
EX189 KIO,CHOCO CON LECHE EXTRAFINO RITTER 100 G,TABLETAS CHOCOLATE,RITTER,RITTER,40.15,Pesos,0,8
EX2119,CHOCOLATE RELLENO DE CREMA DE CARAMELO 100 G,TABLETAS CHOCOLATE,RITTER,RITTER,40.15,Pesos,0,8
UE2819,CHOCOLATE CON LECHE RELLENO DE GALLETA 100 G,TABLETAS CHOCOLATE,RITTER,RITTER,40.15,Pesos,0,8
UE2969,CHOC LECHE Y TROZOS DE ALMENDRAS CARAMELIZADA 100 G,TABLETAS CHOCOLATE,RITTER,RITTER,40.15,Pesos,0,8
UE9239,CHOCOLATE BLANCO CON TRAZAS DE CANELA 100 G,TABLETAS CHOCOLATE,RITTER,RITTER,40.15,Pesos,0,8
UE9259,CHOCOLATE CON LECHE RELLENO CREMOSO DE CACAO 100 G,TABLETAS CHOCOLATE,RITTER,RITTER,40.15,Pesos,0,8
UE9269,CHOC BLANCO RELLENO DE CREMA SABOR TORONJA 100 G,TABLETAS CHOCOLATE,RITTER,RITTER,40.15,Pesos,0,8
5542,ROLLS LA VAQUITA COCO BL BOLSA,CANEL�S,CANEL�S,CANEL�S,40,Pesos,0,8
10043488,GOMITAS HAPPY COLA 160GRSX30,GOMITAS,HARIBO,HARIBO,40,Pesos,0,8
10043490,GOMITAS STARMIX 160GRSX30,GOMITAS,HARIBO,HARIBO,40,Pesos,0,8
10043492,GOMITAS GUSANOS 160GRSX30,GOMITAS,HARIBO,HARIBO,40,Pesos,0,8
10043494,GOMITAS OSITOS 160GRSX30,GOMITAS,HARIBO,HARIBO,40,Pesos,0,8
20120,GEL HONEY STINGER CHOCOLATE CAFEINA 32G,,HONEY STINGER,HONEY STINGER,40,Pesos,16,0
20151,GEL HONEY STINGER KIWIFRESA CAFEINA 32G,,HONEY STINGER,HONEY STINGER,40,Pesos,16,0
20403,GEL HONEY STINGER ACAI POMAGRATE 32G,,HONEY STINGER,HONEY STINGER,40,Pesos,16,0
20434,GEL HONEY STINGER FRUIT SMOOTHIE 32G,,HONEY STINGER,HONEY STINGER,40,Pesos,16,0
20465,GEL HONEY STINGER VAINILLA 32G,,HONEY STINGER,HONEY STINGER,40,Pesos,16,0
20496,GEL HONEY STINGER 32G,,HONEY STINGER,HONEY STINGER,40,Pesos,16,0
24006,DULCE CON POLVO WARHEADS  3 OZ,NULL,FOREIGN,FOREIGN,40,Pesos,0,8
66328,BEAN BOOZLED MINION EDITION BAG 1.9 OZ,GOMITAS,JELLY BELLY,JELLY BELLY,40,Pesos,0,8
WF7009,CHOCOLATE CON LECHE CON AVELLANAS RITTER 100 G,TABLETAS CHOCOLATE,RITTER,RITTER,40,Pesos,0,8
WF7009 KIO,CHOCOLATE CON LECHE CON AVELLANAS RITTER 100 G,TABLETAS CHOCOLATE,RITTER,RITTER,40,Pesos,0,8
WF7019,CHOCOLATE BLANCO CON AVELLANAS ENTERAS 100 GRS,TABLETAS CHOCOLATE,RITTER,RITTER,40,Pesos,0,8
WF7029,CHOCO AMARGO CON AVELLANAS ENTERAS RITTER 100 G,TABLETAS CHOCOLATE,RITTER,RITTER,40,Pesos,0,8
WF7039,CHOCOLATE CON LECHE CON ALMENDRAS RITTER 100 G,TABLETAS CHOCOLATE,RITTER,RITTER,40,Pesos,0,8
WF7059,CHOCOLATE CON LECHE CON MACADAMIA RITTER 100 G,TABLETAS CHOCOLATE,RITTER,RITTER,40,Pesos,0,8
WF7076,CHOCOLATE CON NUEZ DE LA INDIA 100 GRS,TABLETAS CHOCOLATE,RITTER,RITTER,40,Pesos,0,8
WF7086,CHOCOLATE AMARGO CON ALMENDRAS 100 GRS,TABLETAS CHOCOLATE,RITTER,RITTER,40,Pesos,0,8
WF7086 HAM,CHOCOLATE AMARGO CON ALMENDRAS 100 GRS,TABLETAS CHOCOLATE,RITTER,RITTER,40,Pesos,0,0
USCP2307,CHOCOLATE MR BEAST CUPS PEANUT BUTTER 40 GR,CHOCOLATES,FEASTABLES,FEASTABLES,39,Pesos,0,8
USCP2707,CHOCOLATE MR BEAST CUPS CREMA DE AVELLANA 40 GR,CHOCOLATES,FEASTABLES,FEASTABLES,39,Pesos,0,8
8304305,PALETA CREMOSA 8 DISPLAY  X 25 PIEZAS,DULCES,PERFETTI VAN MELLE MEXICO,PERFETTI VAN MELLE MEXICO,38.5,Pesos,0,8
61805,JB HARRY POTTER BERTIE BOTTS BOX 1.2 OZ,GOMITAS,JELLY BELLY,JELLY BELLY,38,Pesos,0,8
9623N RUS,SF CHOCOLATE TRUFFLES,NULL,RUSSEL,RUSELL,37,Pesos,0,8
9644N RUS,SF SOLID PREMIUM DARK CHOCOLATES 85 G,NULL,RUSSEL,RUSELL,37,Pesos,0,8
UE2369,CHOCOLATE CON LECHE YOGURTH ZARZAMORA 100 GRS,TABLETAS CHOCOLATE,RITTER,RITTER,36.5,Pesos,0,8
102131094,POLVO ISO FAST FRUTAS 56 G,DEXTRO,DEXTRO,DEXTRO,36,Pesos,16,0
102131096,POLVO ISO FAST NARANJA 56 G,DEXTRO,DEXTRO,DEXTRO,36,Pesos,16,0
MERENDOLA - B,MANGO ENCHLADO MERENDOLA 80 G,FRUTA SECA,BALMORO,BALMORO,35.65,Pesos,0,8
MERENDOLA - L,MANGO ENCHLADO MERENDOLA 80 G,FRUTA SECA,BALMORO,LOGOR,35.65,Pesos,0,8
USCL2003,CHOCOLATE MR BEAST CON LECHE 35 GR,CHOCOLATES,FEASTABLES,FEASTABLES,35.5,Pesos,0,8
USCL2006,CHOCOLATE MR BEAST CON LECHE CON ARROZ INFLADO 35 GR,CHOCOLATES,FEASTABLES,FEASTABLES,35.5,Pesos,0,8
USCL2007,CHOCOLATE MR BEAST CON LECHE CON CREMA DE CACAHUATE 35 GR,CHOCOLATES,FEASTABLES,FEASTABLES,35.5,Pesos,0,8
7224,DISPENSADOR DE PEZ MINIONS,DULCE C/AZ,PEZ,PEZ,35.2,Pesos,16,0
9224,DISPENSADOR DE PEZ  EMOJIS,DULCE C/AZ,PEZ,PEZ,35.2,Pesos,16,0
105224,DISPENSADOR DE PEZ KITTY LLAMA,DULCE C/AZ,PEZ,PEZ,35.2,Pesos,16,0
109224,DISPENSADOR DE PEZ HARRY POTTER,DULCE C/AZ,PEZ,PEZ,35.2,Pesos,16,0
14224,DISPENSADOR DE PEZ ANGRY BIRDS,DULCE C/AZ,PEZ,PEZ,35.2,Pesos,16,0
21224,DISPENSADOR DE PEZ NINTENDO,DULCE C/AZ,PEZ,PEZ,35.2,Pesos,16,0
224,DISPENSADOR DE PEZ,DULCE C/AZ,PEZ,PEZ,35.2,Pesos,16,0
48224,DISPENSADOR DE PEZ PAW PATROL,DULCE C/AZ,PEZ,PEZ,35.2,Pesos,16,0
9621N RUS,CARAMELO CUBIERTO DE CHOCOLATE CON LECHE S/A 85g,NULL,RUSSEL,RUSELL,35.2,Pesos,0,8
9625N RUS,NUECES Y CARAMELO CUBIERTO CON CHOCOLATE S/A 85 G,NULL,RUSSEL,RUSELL,35.2,Pesos,0,8
9626N RUS,CHOCO AMARGO RELLENO CREMA SABOR MENTA S/A 85 G,NULL,RUSSEL,RUSELL,35.2,Pesos,0,8
9632N RUS,DULCE DE COCO CUBIERTO CON CHOCOLATE S/A  85 G,ADEREZOS,RUSSEL,RUSELL,35.2,Pesos,0,8
9643N RUS,CREMA DE FRESA CON COBERTURA DE CHOCO S/A 85 G,NULL,RUSSEL,RUSELL,35.2,Pesos,0,8
Z1224,DISPENSADOR DE PEZ  TOM AND JERRY,DULCE C/AZ,PEZ,PEZ,35.2,Pesos,16,0
Z3224,DISPENSADOR DE PEZ  KITTY BEE,DULCE C/AZ,PEZ,PEZ,35.2,Pesos,16,0
Z5224,DISPENSADOR DE PEZ  MASHA Y OSO,DULCE C/AZ,PEZ,PEZ,35.2,Pesos,16,0
5376,PALENETA SVE DISTROLLER,CANEL�S,CANEL�S,CANEL�S,35,Pesos,0,8
21033,GOMITAS WORMS WARHEADS  4  OZ,NULL,FOREIGN,FOREIGN,35,Pesos,0,8
23225,GOMITAS CHEWY CUBES WARHEADS  4  OZ.,NULL,FOREIGN,FOREIGN,35,Pesos,0,8
23501,GOMITAS SOUR JELLY BEANS WARHEADS  4 OZ,NULL,FOREIGN,FOREIGN,35,Pesos,0,8
23810,GOMITAS SOUR TWIST WARHEADS  3.5 OZ.,NULL,FOREIGN,FOREIGN,35,Pesos,0,8
21035,WAFFLE HONEY HONEY STINGER 30 G,,HONEY STINGER,HONEY STINGER,34.5,Pesos,0,8
21066,WAFFLE FRESA HONEY STINGER 30G,,HONEY STINGER,HONEY STINGER,34.5,Pesos,0,8
21097,WAFFLE VAINILLA HONEY STINGER 30G,,HONEY STINGER,HONEY STINGER,34.5,Pesos,0,8
21127,WAFFLE CHOCOLATE HONEY STINGER 30G,,HONEY STINGER,HONEY STINGER,34.5,Pesos,0,8
8698,SP MINI BITES TROPICAL BLENDS 12/3.5 OZ,GOMITAS,,AMERICAN LICORICE COMPANY,34.5,Pesos,0,8
50204,RED VINES MIXED BERRY TWIST 112 GRS,GOMITAS,,AMERICAN LICORICE COMPANY,34,Pesos,0,8
645881,OBLEAS AMARANTO CON COCO 60G,OBLEAS,OBLEAS,KALAN OBLEAS,34,Pesos,0,0
645898,OBLEAS DE AMARANTO NATURAL 60 G,OBLEAS,OBLEAS,KALAN OBLEAS,34,Pesos,0,0
645911,OBLEAS DE AMARANTO CHOCOLATE 60 G,OBLEAS,OBLEAS,KALAN OBLEAS,34,Pesos,0,0
692147,OBLEAS AMARANTO CON FRUTOS 60G,OBLEAS,OBLEAS,KALAN OBLEAS,34,Pesos,0,0
61800,CAJA SABORES BEANBOOZLED 1.6 OZ.,BEBIDAS,JELLY BELLY,JELLY BELLY,33,Pesos,0,8
61800 KIO,CAJA SABORES BEANBOOZLED 1.6 OZ.,NULL,JELLY BELLY,JELLY BELLY,33,Pesos,0,8
CHOC1000,CHOCOLATE MR BEAST SEMIAMARGO 60 G,CHOCOLATES,FEASTABLES,FEASTABLES,33,Pesos,0,8
CHOC1003,CHOCOLATE MR BEAST CON LECHE 60 G,CHOCOLATES,FEASTABLES,FEASTABLES,33,Pesos,0,8
CHOC1007,CHOCOLATE MR BEAST CON LECHE CON CACAHUATE 60 G,CHOCOLATES,FEASTABLES,FEASTABLES,33,Pesos,0,8
105886,BOTANAS AJO Y PEREJIL 120G,,,GREFUSA,32.5,Pesos,0,8
88154,SOUR PUNCH SABORES SURTIDOS AGRIDULCES ICE CREAM 105 GRS,AGRIDULCES,,AMERICAN LICORICE COMPANY,32.5,Pesos,0,8
UE149,CHOCOLATE BLANCO RELLENO DE CREMA SABOR A LIMON 100 G,TABLETAS CHOCOLATE,RITTER,RITTER,32.5,Pesos,0,8
UE2109,CHOCOLATE CON LECHE RELLENO CON YOGURTH DE FRESA Y MENTA 100 G,TABLETAS CHOCOLATE,RITTER,RITTER,32.5,Pesos,0,8
WF289,CHOCO AMARGO RELLENO DE CREMA DE MENTA 100 G,TABLETAS CHOCOLATE,RITTER,RITTER,32.5,Pesos,0,8
WF3049,CHOCOLATE CON LECHE CON ALMENDRA CON MIEL Y SAL 100 G,TABLETAS CHOCOLATE,RITTER,RITTER,32.5,Pesos,0,8
67981,JELLY BELLY  20 FLAVOR CLEAR BIG BEAN  1.4 OZ,GOMITAS,JELLY BELLY,JELLY BELLY,32,Pesos,0,8
67982,JELLY BELLY SOURS CLEAR BIG BEAN  1.4 OZ,GOMITAS,JELLY BELLY,JELLY BELLY,32,Pesos,0,8
88001 HAM,BITES SABOR DULCES SURTIDOS 105 GRS 12/3.7 OZ,GOMITAS,,AMERICAN LICORICE COMPANY,31.86,Pesos,0,0
8902 HAM,BITES SABORES FAN FLAVORS 105 GRS 12/3.7 OZ,GOMITAS,,AMERICAN LICORICE COMPANY,31.86,Pesos,0,0
8979 HAM,BITES SABOR BLUE RASPBERRY 105 GRS 12/3.7 OZ,GOMITAS,,AMERICAN LICORICE COMPANY,31.86,Pesos,0,0
AT309490,GOMITAS DE CEREZAS  200 GRS x 30,GOMITAS,HARIBO,HARIBO,31.5,Pesos,0,8
AT31213,GOMITAS DE CHUPONES  200 GRS X 30,GOMITAS,HARIBO,HARIBO,31.5,Pesos,0,8
AT405190,GOMITAS SABOR FRESA 200 GRS X 30,GOMITAS,HARIBO,HARIBO,31.5,Pesos,0,8
AT47251,GOMITAS DE RANAS  200 GRS X 30,GOMITAS,HARIBO,HARIBO,31.5,Pesos,0,8
72594,JELLY BELLY SPORT BEANS FRUIT PUNCH,GOMITAS,JELLY BELLY,JELLY BELLY,31,Pesos,0,8
72596,JELLY BELLY SPORT BEANS BERRY,GOMITAS,JELLY BELLY,JELLY BELLY,31,Pesos,0,8
72597,JELLY BELLY SPORT BEANS ORANGE 1 OZ,GOMITAS,JELLY BELLY,JELLY BELLY,31,Pesos,0,8
72598,JELLY BELLY SPORT BEANS WATERMELON 1 OZ,GOMITAS,JELLY BELLY,JELLY BELLY,31,Pesos,0,8
10042312,GOMITAS HAPPY CHERRIES 80GRSx10,GOMITAS,HARIBO,HARIBO,30.5,Pesos,0,8
EST 4 PACK PALP,ESTUCHE 4 PACK PALMINI TIRAS DELGADAS DE CORAZON DE PALMITO (LINGUINE),PALMINI,OA FOODS LLC,OA FOODS LLC,30.5,Pesos,16,0
112503,GOMITA DE OSOS ENCHILADOS 250 GRS,GOMITAS,BALMORO,BALMORO,30,Pesos,0,8
142500,GOMITA DE FRUTAS ENCHILADOS 250 GRS,GOMITAS,BALMORO,BALMORO,30,Pesos,0,8
162508,GOMITA DE AROS ENCHILADOS 250 GRS,GOMITAS,BALMORO,BALMORO,30,Pesos,0,8
50208,GRAPE LICORICE TWISTS TRAY FLAVOR 12/5 OZ,GOMITAS,,AMERICAN LICORICE COMPANY,30,Pesos,0,8
8015,SP BITES HB STRAW 12/5 OZ,GOMITAS,,AMERICAN LICORICE COMPANY,30,Pesos,0,8
8016,SP BITES HB APPLE 12/5 OZ,GOMITAS,,AMERICAN LICORICE COMPANY,30,Pesos,0,8
8734,SP BITES HB ASSORTED 12/5 OZ,GOMITAS,,AMERICAN LICORICE COMPANY,30,Pesos,0,8
8738,SP TROPICAL BITES HB 12/5 OZ,GOMITAS,,AMERICAN LICORICE COMPANY,30,Pesos,0,8
10051781,GOMITAS SURTIDAS AGRIDULCES 80GRSx10,GOMITAS,HARIBO,HARIBO,29,Pesos,0,8
37713 HAR,GOMITAS SERPIENTES 142 GRS.,GOMITAS,HARIBO,HARIBO,29,Pesos,0,8
38220 HAR,GOMITAS ENSALADA DE FRUTAS 142 GRS,GOMITAS,HARIBO,HARIBO,29,Pesos,0,8
45103,SUNKIST FRUIT GEMS  3.5 oz. (99 grs.),NULL,JELLY BELLY,JELLY BELLY,29,Pesos,0,8
45121,3.0 OZ JELLY BELLY HELLO KITTY MELLOCREME,GOMITAS,JELLY BELLY,JELLY BELLY,29,Pesos,0,8
62107,1.75 OZ DRAFT BEER CAN TIN,GOMITAS,JELLY BELLY,JELLY BELLY,29,Pesos,0,8
62213,JELLY BELLY BEAN BOOZLED GB  3.5 OZ,GOMITAS,JELLY BELLY,JELLY BELLY,29,Pesos,0,8
62213 KIO,JELLY BELLY BEAN BOOZLED GB  3.5 OZ,GOMITAS,JELLY BELLY,JELLY BELLY,29,Pesos,0,8
63691,1.75 OZ JELLY BELLY BUTTERED POP CORN,GOMITAS,JELLY BELLY,JELLY BELLY,29,Pesos,0,8
66105,3.1 OZ JB HELLO KITTY BAG,GOMITAS,JELLY BELLY,JELLY BELLY,29,Pesos,0,8
66110,JELLY BELLY20 ASST FLAVOR 3.5 OZ,GOMITAS,JELLY BELLY,JELLY BELLY,29,Pesos,0,8
66128,3.5 OZ JELLY BELLY MINI SCOOP BIN W/20 FLAVORS,GOMITAS,JELLY BELLY,JELLY BELLY,29,Pesos,0,8
66152,JELLY BELLY SOURS  3.5 OZ,GOMITAS,JELLY BELLY,JELLY BELLY,29,Pesos,0,8
66318,3.1 OZ JELLY BELLY PANCAKES W/MAPLES SYRU,GOMITAS,JELLY BELLY,JELLY BELLY,29,Pesos,0,8
66329,3.5 OZ JB CHAMPAGNE BEANS GRAG N GO BAG,GOMITAS,JELLY BELLY,JELLY BELLY,29,Pesos,0,8
66888,JELLY BELLY SMOOTHIE BLEND   3.5 OZ,GOMITAS,JELLY BELLY,JELLY BELLY,29,Pesos,0,8
72677,JELLY BELLY COCKTAIL CLSC BOX 1 OZ,GOMITAS,JELLY BELLY,JELLY BELLY,29,Pesos,0,8
75001,MALV. COCO ALMENDRAS CUB. CHOCOLATE 92 GRS.,DULCE S/AZ,SIMPLY,SIMPLY,29,Pesos,0,8
75002,CREMA DE CEREZAS CUBIERTA DE CHOCOLATE AMARGO  92 GRS.,DULCE S/AZ,SIMPLY,SIMPLY,29,Pesos,0,8
75103,CHOCOLATE DE MENTA SIN AZUCAR 92 GRS.,DULCE S/AZ,SIMPLY,SIMPLY,29,Pesos,0,8
86110,6.1 OZ MR JELLY BELLY BEAN MACHINE DISPENSE,GOMITAS,JELLY BELLY,JELLY BELLY,29,Pesos,0,8
86111,6.1 OZ BOUNCING BEANS DISPENSER,GOMITAS,JELLY BELLY,JELLY BELLY,29,Pesos,0,8
88086,JB CANDY SPINRACK,GOMITAS,JELLY BELLY,JELLY BELLY,29,Pesos,0,0
88116,JB GIFT BAG DISPLAY,GOMITAS,JELLY BELLY,JELLY BELLY,29,Pesos,0,0
91199,1.5 OZ JELLY BELLY TABASCO BOTTLES,GOMITAS,JELLY BELLY,JELLY BELLY,29,Pesos,0,8
91206,JB HELLO KITTY CANDY JAR,GOMITAS,JELLY BELLY,JELLY BELLY,29,Pesos,0,0
91207,JB CANDY MUFFIN,GOMITAS,JELLY BELLY,JELLY BELLY,29,Pesos,0,8
91212,1.5 OZ JELLY BELLY DRAFT BEER BOTTLES,GOMITAS,JELLY BELLY,JELLY BELLY,29,Pesos,0,8
91213,1.5 OZ CHAMPAGNE BOTTLES,GOMITAS,JELLY BELLY,JELLY BELLY,29,Pesos,0,8
101002716,SOPA INSTANTANEA SABOR SOYA 120g,NONGSHIM,NONGSHIM,NONGSHIM,28.5,Pesos,0,8
240520,AMOS GOMITAS PELABLES EN FORMA DE MANGO 72 GR,GOMITAS,LANEZI,LANEZI,28,Pesos,0,8
240521,AMOS GOMITAS PELABLES EN FORMA DE BANANA 72 GR,GOMITAS,LANEZI,LANEZI,28,Pesos,0,8
80023,TUTSI POP BOLSA 20G 12/7,DULCES,TUTSI POP,TUTSI POP,28,Pesos,0,8
200747 HAM,PEZ REPUESTO SABOR FRUTAS CON 8 ROLLOS,DULCE C/AZ,PEZ,PEZ,27.92,Pesos,0,0
101003359,SOPA INSTANTANEA SABOR MARISCOS 75g,NONGSHIM,NONGSHIM,NONGSHIM,27.5,Pesos,0,8
101004183,SOPA INSTANTANEA SABOR VERDURAS VEGANO 75g,NONGSHIM,NONGSHIM,NONGSHIM,27.5,Pesos,0,8
88001,BITES SABOR DULCES SURTIDOS 105 GRS 12/3.7 OZ,GOMITAS,,AMERICAN LICORICE COMPANY,27.5,Pesos,0,8
8902,BITES SABORES FAN FLAVORS 105 GRS 12/3.7 OZ,GOMITAS,,AMERICAN LICORICE COMPANY,27.5,Pesos,0,8
8979,BITES SABOR BLUE RASPBERRY 105 GRS 12/3.7 OZ,GOMITAS,,AMERICAN LICORICE COMPANY,27.5,Pesos,0,8
AMK-PL006,AMOS GOMITAS PELABLES EN FORMA DE LYCHEE 65 GR,GOMITAS,LANEZI,LANEZI,27.5,Pesos,0,8
AMK-PL007,AMOS GOMITAS PELABLE EDICION FAN PARTY 65 GR,GOMITAS,LANEZI,LANEZI,27.5,Pesos,0,8
AMK-PL009,AMOS GOMITAS PELABLES EN FORMA DE SANDIA 65 GR,GOMITAS,LANEZI,LANEZI,27.5,Pesos,0,8
AMK-PL010,AMOS GOMITAS PELABLES EN FORMA DE MARACUYA 65 GR,GOMITAS,LANEZI,LANEZI,27.5,Pesos,0,8
AMK-PL011,AMOS GOMITAS PELABLES EN FORMA DE KIWI 65 GR,GOMITAS,LANEZI,LANEZI,27.5,Pesos,0,8
AMK-PL012,AMOS GOMITAS PELABLES EN FORMA DE PI�A 65 GR,GOMITAS,LANEZI,LANEZI,27.5,Pesos,0,8
AMK-PL016,AMOS GOMITAS PELABLES EN FORMA DE FRESA 65 GR,GOMITAS,LANEZI,LANEZI,27.5,Pesos,0,8
12207,BLACK LICORICE TWIST 12/5 OZ,GOMITAS,,AMERICAN LICORICE COMPANY,27,Pesos,0,8
12207 HAM,BLACK LICORICE TWIST 12/5 OZ,GOMITAS,,AMERICAN LICORICE COMPANY,27,Pesos,0,0
12209,RED VINES BARS 12/5 OZ,GOMITAS,,AMERICAN LICORICE COMPANY,27,Pesos,0,8
12209 HAM,RED VINES BARS 12/5 OZ,GOMITAS,,AMERICAN LICORICE COMPANY,27,Pesos,0,0
30209 HAR,GOMITAS DE OSITOS DE 142 GRS.,GOMITAS,HARIBO,HARIBO,27,Pesos,0,8
30973 HAR,GOMITAS DE CEREZAS 142 GMS.,GOMITAS,HARIBO,HARIBO,27,Pesos,0,8
31220 HAR,GOMAS DE OSITOS ACIDULADOS 127 GRS.,GOMITAS,HARIBO,HARIBO,27,Pesos,0,8
32312 HAR,GOMITA HAPPY COLA 142 GRS.,GOMITAS,HARIBO,HARIBO,27,Pesos,0,8
34120 HAR,GOMITAS DE DINOSAURIOS 142 GRS,GOMITAS,HARIBO,HARIBO,27,Pesos,0,8
35887 HAR,GOMITAS SPAGUETTI 142 GMS.,GOMITAS,HARIBO,HARIBO,27,Pesos,0,8
36905 HAR,GOMITAS LETRAS ALFABETO 142 GRS.,GOMITAS,HARIBO,HARIBO,27,Pesos,0,8
47258 HAR,GOMITAS DE RANAS 142 GRS.,GOMITAS,HARIBO,HARIBO,27,Pesos,0,8
70553 HAR,GOMITAS MORAS 142 GRS.,GOMITAS,HARIBO,HARIBO,27,Pesos,0,8
101002102,SOPA INSTANTANEA SABOR CAMARON 86g,NONGSHIM,NONGSHIM,NONGSHIM,26.5,Pesos,0,8
10043486,GOMITAS DURAZNOS 80GRS x 10,GOMITAS,HARIBO,HARIBO,26,Pesos,0,8
230501 - B,GOMITAS SURTIDAS DE SABORES SURTIDOS 72 GR,KRAM,,KRAM,26,Pesos,0,8
230507 - D,GOMITAS DE SABORES SURTIDOS 72 GRS,GOMITAS,LANEZI,LANEZI,26,Pesos,0,8
230510 - C,GOMITAS DE SABORES SURTIDOS 72 GR,GOMITAS,LANEZI,LANEZI,26,Pesos,0,8
80012,TUTSI BOLSA SABORES CON CHILE 20G 12/7,DULCES,TUTSI POP,TUTSI POP,26,Pesos,0,8
80012 HAM,TUTSI BOLSA SABORES CON CHILE 20G 12/7,DULCES,TUTSI POP,TUTSI POP,26,Pesos,0,0
80013,TAMA TUTSI BOLSA 20G 12/7,DULCES,TUTSI POP,TUTSI POP,26,Pesos,0,8
80018,TUTSI HOT BOLSA 20G 12/7,DULCES,TUTSI POP,TUTSI POP,26,Pesos,0,8
80020 HAM,TUTSI SURTIDO BOLSA 12/144G,DULCES,TUTSI POP,TUTSI POP,26,Pesos,0,0
91205,JELLY BELLY CRAYONS 1 OZ,GOMITAS,JELLY BELLY,JELLY BELLY,26,Pesos,0,8
AMK-PL001,AMOS GOMITAS PELABLES EN FORMA DE MANGO 65 GR,GOMITAS,LANEZI,LANEZI,26,Pesos,0,8
AMK-PL002,AMOS GOMITAS PELABLES EN FORMA DE BANANA 65 GR,GOMITAS,LANEZI,LANEZI,26,Pesos,0,8
AMK-PL003,AMOS GOMITAS PELABLES EN FORMA DE DURAZNO 65 GR,GOMITAS,LANEZI,LANEZI,26,Pesos,0,8
AMK-PL004,AMOS GOMITAS PELABLES EN FORMA DE MANZANA 65 GR,GOMITAS,LANEZI,LANEZI,26,Pesos,0,8
AMK-PL005,AMOS GOMITAS PELABLES EN FORMA DE LIMON 65 GR,GOMITAS,LANEZI,LANEZI,26,Pesos,0,8
42417,JELLY BELLY MEZCLA DE FRUTAS 70 GRS,GOMITAS,JELLY BELLY,JELLY BELLY,25.5,Pesos,0,8
42418,JELLY BELLY MEZCLA ACIDOS 70 GRS,GOMITAS,JELLY BELLY,JELLY BELLY,25.5,Pesos,0,8
42419,JELLY BELLY 20 SABORES SURTIDOS 70 GRS,GOMITAS,JELLY BELLY,JELLY BELLY,25.5,Pesos,0,8
10043478 HAM,GOMITAS OSITOS  80GRSx10,GOMITAS,HARIBO,HARIBO,25.38,Pesos,0,0
10043480 HAM,GOMITAS STARMIX 80GRSx10,GOMITAS,HARIBO,HARIBO,25.38,Pesos,0,0
10043482 HAM,GOMITAS GUSANOS 80GRSx10,GOMITAS,HARIBO,HARIBO,25.38,Pesos,0,0
10043484 HAM,GOMITAS HAPPY COLA 80GRSx10,GOMITAS,HARIBO,HARIBO,25.38,Pesos,0,0
35291,SPRAY MEGA WARHEADS .68 oz.,AGRIDULCES,FOREIGN,FOREIGN,25,Pesos,0,0
53100,PALETA CON POLVO AGRIDULCE PAINT SHOP 1.5 OZ.,AGRIDULCES,FOREIGN,FOREIGN,25,Pesos,0,8
80017,TOOTSIE ROLL BOLSA 14G 12/7,DULCES,TUTSI POP,TUTSI POP,25,Pesos,0,8
80093,TUTSI BOTA NAVIDE�A 133G,DULCES,TUTSI POP,TUTSI POP,24.5,Pesos,0,8
BOLSACHRITTER,BOLSA NAVIDE�A DE PAPEL RITTER SPORT,,RITTER,RITTER,24.5,Pesos,16,0
80122,TUTSI BOLSA SUSTOS 144 g,DULCES,TUTSI POP,TUTSI POP,24,Pesos,0,8
BX700,CAJA CART�N LECHE CON AVELLANAS ENTERAS RITTER 4 X 100 GRS.,TABLETAS CHOCOLATE,RITTER,RITTER,24,Pesos,0,0
BX710,CAJA CART�N CHOCOLATE LECHE EXTRAFINO RITTER 4 X 100 GRS.,TABLETAS CHOCOLATE,RITTER,RITTER,24,Pesos,0,8
BX730,CAJA CART�N CHOCOLATE AMARGO MAZAPAN RITTER 4 X 100 GRS.,TABLETAS CHOCOLATE,RITTER,RITTER,24,Pesos,0,0
EX119,CHOCOLATE CON LECHE CON CORN FLAKES RITTER 100 GRS.,TABLETAS CHOCOLATE,RITTER,RITTER,24,Pesos,0,8
EX129,CHOCOLATE RON CON PASAS  100 GRS.,TABLETAS CHOCOLATE,RITTER,RITTER,24,Pesos,0,8
EX209,CHOCOLATE AMARGO 50% COCOA RITTER 100 GRS.,TABLETAS CHOCOLATE,RITTER,RITTER,24,Pesos,0,8
EX2149,CHOCOLATE DE LECHE CON GALLETA 100 GRS.,TABLETAS CHOCOLATE,RITTER,RITTER,24,Pesos,0,8
EX259,CHOCOLATE AMARGO CON MAZAPAN RITTER 100 G,TABLETAS CHOCOLATE,RITTER,RITTER,24,Pesos,0,8
EX2699,CHOCO LECHE FRESA CON YOGURTH RITTER 100 G,TABLETAS CHOCOLATE,RITTER,RITTER,24,Pesos,0,8
EX2699 KIO,CHOCO LECHE FRESA CON YOGURTH RITTER 100 G,TABLETAS CHOCOLATE,RITTER,RITTER,24,Pesos,0,8
EX2949,CHOCOLATE MOUSSE DE CACAO  100 G,TABLETAS CHOCOLATE,RITTER,RITTER,24,Pesos,0,8
EX2989,CHOCOLATE COCOS  100 GRS.,TABLETAS CHOCOLATE,RITTER,RITTER,24,Pesos,0,8
10043478,GOMITAS OSITOS  80GRSx10,GOMITAS,HARIBO,HARIBO,23.5,Pesos,0,8
10043480,GOMITAS STARMIX 80GRSx10,GOMITAS,HARIBO,HARIBO,23.5,Pesos,0,8
10043482,GOMITAS GUSANOS 80GRSx10,GOMITAS,HARIBO,HARIBO,23.5,Pesos,0,8
10043484,GOMITAS HAPPY COLA 80GRSx10,GOMITAS,HARIBO,HARIBO,23.5,Pesos,0,8
32901,GOMITAS ESCUALO  80 GRS,GOMITAS,HARIBO,HARIBO,23.5,Pesos,0,8
72551,JELLY BELLY BUTTERED POP CORN BAG PACKED 30 1 OZ.,GOMITAS,JELLY BELLY,JELLY BELLY,23.5,Pesos,0,8
9626N,CHOCO AMARGO RELLENO CON CREMA SABOR A MENTA S/A 85 GRS,NULL,RUSSEL,RUSELL,23.5,Pesos,0,8
9645N RUS,CREMA DE MANTEQUILLA CUBIERTA CON CHOCOLATE S/A 85g,NULL,RUSSEL,RUSELL,23.5,Pesos,0,8
10165,RUEDAS LICORICE 142 GRS.,GOMITAS,HARIBO,HARIBO,23,Pesos,0,8
30154,OSITOS DE 100GRSx30,GOMITAS,HARIBO,HARIBO,23,Pesos,0,8
30209,OSITOS DE 142 GRS.,GOMITAS,HARIBO,HARIBO,23,Pesos,0,8
30973,CEREZAS 142 GMS.,GOMITAS,HARIBO,HARIBO,23,Pesos,0,8
32312,HAPPY COLA 142 GRS.,GOMITAS,HARIBO,HARIBO,23,Pesos,0,8
32335,HAPPY COLA  100GRSx30,GOMITAS,HARIBO,HARIBO,23,Pesos,0,8
3366,RUEDAS LICORICE SABOR FRESA 142 grs.,GOMITAS,HARIBO,HARIBO,23,Pesos,0,8
52025,5 oz. ANGRY BIRDS SPACE GREEN  BIRD FRUIT SNACKS BAG,DULCE C/AZ,SIMPLY,SIMPLY,23,Pesos,0,8
131784,ROLLO DE CHOCOLATE EXTRA AMARGO 100 g.,CHOCOLATES,DROSTE,DROSTE,22,Pesos,0,0
131792,ROLLO DE CHOCOLATE EXTRA CREMOSO 10 g.,CHOCOLATES,DROSTE,DROSTE,22,Pesos,0,0
230501,GOMITAS SURTIDAS EN FORMA DE BLOQUES 72 GR,GOMITAS,LANEZI,LANEZI,22,Pesos,0,8
230504,GOMITAS SURTIDAS EN FORMA DE FRUTAS 72 GR,GOMITAS,LANEZI,LANEZI,22,Pesos,0,8
230507,GOMITAS SURTIDAS EN FORMA DE DINOSAURIOS 72 GR,GOMITAS,LANEZI,LANEZI,22,Pesos,0,8
230510,GOMITAS SURTIDAS EN FORMA DE CUPCAKES 72 GR,GOMITAS,LANEZI,LANEZI,22,Pesos,0,8
8011070,ROLLOS DE CHOCOLATE DE LECHE 100 g.,CHOCOLATES,DROSTE,DROSTE,22,Pesos,0,0
8011170,ROLLOS DE CHOCOLATE AMARGO 100 g.,CHOCOLATES,DROSTE,DROSTE,22,Pesos,0,0
8011270,ROLLOS DE CHOCOLATE LECHE AMARGO 100 g.,CHOCOLATES,DROSTE,DROSTE,22,Pesos,0,0
8011370,ROLLOS DE CHOCOLATE BLANCO 100 g.,CHOCOLATES,DROSTE,DROSTE,22,Pesos,0,0
8011470,ROLLOS DE CHOCOLATE/LECHE BLANCO 100 g.,CHOCOLATES,DROSTE,DROSTE,22,Pesos,0,0
8011570,ROLLOS DE CHOCOLATE/NARANJA 100 g.,CHOCOLATES,DROSTE,DROSTE,22,Pesos,0,0
8011670,ROLLOS DE CHOCOLATE CREMA DE CAFE 100 g.,CHOCOLATES,DROSTE,DROSTE,22,Pesos,0,0
81030,DULCE DE CARAMELO LATTE SIN AZUCAR 78 grs.,DULCE S/AZ,SIMPLY,SIMPLY,22,Pesos,0,0
81032,DULCE DE CAFE SIN AZUCAR 78 grs.,DULCE S/AZ,SIMPLY,SIMPLY,22,Pesos,0,8
81040,DULCE MORA AZUL SIN AZUCAR  78 grs.,DULCE S/AZ,SIMPLY,SIMPLY,22,Pesos,0,8
81041,DULCE PONCHE GRANADA  SIN AZUCAR  78 grs.,DULCE S/AZ,SIMPLY,SIMPLY,22,Pesos,0,0
1611403 HAM,SMINT TIN STRAWBERRY 35 GRS,DULCES,PERFETTI VAN MELLE MEXICO,PERFETTI VAN MELLE MEXICO,21.06,Pesos,0,0
1611415 HAM,SMINT TIN SPEARMINT 35 GRS,DULCES,PERFETTI VAN MELLE MEXICO,PERFETTI VAN MELLE MEXICO,21.06,Pesos,0,0
1611416 HAM,SMINT TIN PEPPERMINT 35 GRS,DULCES,PERFETTI VAN MELLE MEXICO,PERFETTI VAN MELLE MEXICO,21.06,Pesos,0,0
8304151 HAM,SMINT TIN LIMON 35 GRS,DULCES,PERFETTI VAN MELLE MEXICO,PERFETTI VAN MELLE MEXICO,21.06,Pesos,0,0
12024 PIM,GOMITAS DE FRUTAS FIGURA DE OSOS 99g,GOMITAS,PROMOTION IN MOTION,PROMOTION IN MOTION,21,Pesos,0,8
47377,BOLSA PALETAS WARHEADS X PZAS.,AGRIDULCES,FOREIGN,FOREIGN,21,Pesos,0,0
8304223,PALETA POP UP TOY 6 X 12 EMOJI,DULCES,PERFETTI VAN MELLE MEXICO,PERFETTI VAN MELLE MEXICO,21,Pesos,0,8
72571 HAM,JELLY BELLY ASSORTED BAG PACKED 30 1 OZ.,GOMITAS,JELLY BELLY,JELLY BELLY,20.52,Pesos,0,8
72572 HAM,JELLY BELLY SOURS 30 1 OZ.,GOMITAS,JELLY BELLY,JELLY BELLY,20.52,Pesos,0,8
72573 HAM,JELLY BELLY KIDS MIX 20 FLAVORS 30 1 OZ.,GOMITAS,JELLY BELLY,JELLY BELLY,20.52,Pesos,0,8
33015 HAR,GOMITA AGRIDULCE SABORES DE FRUTAS 100GRS x 30,GOMITAS,HARIBO,HARIBO,20,Pesos,0,8
85239190615,WACH MACHINE  BARBIE/HOT WHEELS ( 6 PZAS X 20 G ),DOLCI IBERICA,DOLCI IBERICA,DOLCI IBERICA,20,Pesos,0,8
8246 HAM,SP ASSORT MINI BITES 12/18/2 OZ,GOMITAS,,AMERICAN LICORICE COMPANY,19.98,Pesos,0,0
AT30794,GOMITAS DE OSITOS DE 150 GRS.,GOMITAS,HARIBO,HARIBO,19.93,Pesos,0,8
AT31668,GOMITAS HAPPY COLA DE 150 GRS.,GOMITAS,HARIBO,HARIBO,19.93,Pesos,0,8
AT37738,GOMITAS GUSANOS DE 150 GRS.,GOMITAS,HARIBO,HARIBO,19.93,Pesos,0,8
AT72776,GOMITAS STARMIX DE 150 GRS.,GOMITAS,HARIBO,HARIBO,19.93,Pesos,0,8
AT72776 KIO,GOMITAS STARMIX DE 150 GRS.,GOMITAS,HARIBO,HARIBO,19.93,Pesos,0,8
1395,"JAW BREAKER PSYCHEDELIC AGRIDULCE 2 1/4""",DULCE C/AZ,SCONZA,SCONZA,19.5,Pesos,0,8
24660,HAMBURGUESA 142 GMS.,GOMITAS,HARIBO,HARIBO,19.5,Pesos,0,8
35807,FRUTAS DE PASTA 142 GRS.,GOMITAS,HARIBO,HARIBO,19.5,Pesos,0,8
35887,SPAGUETTI 142 GMS.,GOMITAS,HARIBO,HARIBO,19.5,Pesos,0,8
36720,GOMITAS TROPIFRUTTI 5 OZ.,GOMITAS,HARIBO,HARIBO,19.5,Pesos,0,8
36905,LETRAS ALFABETO 142 GRS.,GOMITAS,HARIBO,HARIBO,19.5,Pesos,0,8
37579,GOMITAS FRUITY FRUTTI 4 OZ.,GOMITAS,HARIBO,HARIBO,19.5,Pesos,0,8
37713,SERPIENTES 142 GRS.,GOMITAS,HARIBO,HARIBO,19.5,Pesos,0,8
38082,DURAZNOS 142 GRS.,GOMITAS,HARIBO,HARIBO,19.5,Pesos,0,8
38220,ENSALADA DE FRUTAS 142 GRS,GOMITAS,HARIBO,HARIBO,19.5,Pesos,0,8
45014,LETRAS ALFABETO GRANEL,GOMITAS,HARIBO,HARIBO,19.5,Pesos,0,8
47258,BOLSA DE RANAS 142 GRS.,GOMITAS,HARIBO,HARIBO,19.5,Pesos,0,8
47275,RANITAS DE ARCOIRIS 142 GMS.,GOMITAS,HARIBO,HARIBO,19.5,Pesos,0,0
49008,FRESAS CON CREMA 150 GMS.,GOMITAS,HARIBO,HARIBO,19.5,Pesos,0,0
70553,MORAS 142 GRS.,GOMITAS,HARIBO,HARIBO,19.5,Pesos,0,8
8075,RED VINES BARS 8/24/2.5 OZ,GOMITAS,,AMERICAN LICORICE COMPANY,19.5,Pesos,0,8
17253150615 C,CHUPONES DE CARAMELO CRY BABIES  ( 6 PZAS X 15 G ),DOLCI IBERICA,DOLCI IBERICA,DOLCI IBERICA,19,Pesos,0,8
17253150615 P,CHUPONES DE CARAMELO PAW PATROL  ( 6 PZAS X 15 G ),DOLCI IBERICA,DOLCI IBERICA,DOLCI IBERICA,19,Pesos,0,8
30154 HAR,GOMITAS OSITOS DE 100GRS x 30,GOMITAS,HARIBO,HARIBO,19,Pesos,0,8
32335 HAR,GOMITAS HAPPY COLA  100GRSx30,GOMITAS,HARIBO,HARIBO,19,Pesos,0,8
38672 HAR,GOMITAS GOLD BEARS  85 GRS,GOMITAS,HARIBO,HARIBO,19,Pesos,0,8
61986,JELLY BELLY BNZA ASST BOX 1.6 OZ,GOMITAS,JELLY BELLY,JELLY BELLY,19,Pesos,0,8
72647 HAR,GOMITAS STARMIX 100GRSx30,GOMITAS,HARIBO,HARIBO,19,Pesos,0,8
66319 JEL,JELLY BELLY SABOR TABASCO 100 GR,NULL,JELLY BELLY,JELLY BELLY,18.58,Pesos,0,8
61788,JELLY BELLY SOURS BOX 1.6 OZ,GOMITAS,JELLY BELLY,JELLY BELLY,18.5,Pesos,0,8
CJCUPS8,CAJA CHOCO CUPS 8 PIEZAS,NULL,,,18.2,Pesos,16,0
1611403,SMINT TIN STRAWBERRY 35 GRS,DULCES,PERFETTI VAN MELLE MEXICO,PERFETTI VAN MELLE MEXICO,18,Pesos,0,8
1611415,SMINT TIN SPEARMINT 35 GRS,DULCES,PERFETTI VAN MELLE MEXICO,PERFETTI VAN MELLE MEXICO,18,Pesos,0,8
1611416,SMINT TIN PEPPERMINT 35 GRS,DULCES,PERFETTI VAN MELLE MEXICO,PERFETTI VAN MELLE MEXICO,18,Pesos,0,8
72528 JEL,JELLY BELLY BOLSA 20 SABORES,GOMITAS,JELLY BELLY,JELLY BELLY,18,Pesos,0,8
72571,JELLY BELLY ASSORTED BAG PACKED 30 1 OZ.,GOMITAS,JELLY BELLY,JELLY BELLY,18,Pesos,0,8
72572,JELLY BELLY SOURS 30 1 OZ.,GOMITAS,JELLY BELLY,JELLY BELLY,18,Pesos,0,8
72573,JELLY BELLY KIDS MIX 20 FLAVORS 30 1 OZ.,GOMITAS,JELLY BELLY,JELLY BELLY,18,Pesos,0,8
8304151,SMINT TIN LIMON 35 GRS,DULCES,PERFETTI VAN MELLE MEXICO,PERFETTI VAN MELLE MEXICO,18,Pesos,0,8
BMRITTER500,ESTUCHE DE MINI RITTER 500 g,ESTUCHE MINIRITTER,RITTER,RITTER,18,Pesos,16,0
BOXMU,CAJA CARTON PEZ MONSTER UNIVERSITY,DULCE C/AZ,PEZ,PEZ,18,Pesos,16,0
BOXR250,CAJA DE CARTON PARA RITTER 2 X 250g,ESTUCHE MINIRITTER,RITTER,RITTER,18,Pesos,16,0
8246,SP ASSORT MINI BITES 12/18/2 OZ,GOMITAS,,AMERICAN LICORICE COMPANY,17.5,Pesos,0,8
8304119,MENTOS GUM SPEARMINT 30 GRS,DULCES,PERFETTI VAN MELLE MEXICO,PERFETTI VAN MELLE MEXICO,17,Pesos,16,0
8304122,MENTOS GUM FRESHMINT 30 GRS,DULCES,PERFETTI VAN MELLE MEXICO,PERFETTI VAN MELLE MEXICO,17,Pesos,16,0
928L,SUNKIST FRUIT GEMS  3.5 oz. (99 grs.),NULL,JELLY BELLY,JELLY BELLY,17,Pesos,0,0
23205,GOMITAS QBZ WARHEADS  2.50  oz.,NULL,FOREIGN,FOREIGN,16.5,Pesos,0,8
AT50368C,CHICLOSO MAOAM 3 BLOCKS 66 g,GOMITAS,HARIBO,HARIBO,16.3,Pesos,0,8
35292,PALETA CON SPRAY MEGA WARHEADS 1.04 oz.,AGRIDULCES,FOREIGN,FOREIGN,16,Pesos,0,0
85255150615,ANILLO DE CARAMELO MACIZO ( 6 PZAS X 15 G ),DOLCI IBERICA,DOLCI IBERICA,DOLCI IBERICA,16,Pesos,0,8
EMPTY CASES (O.A.F),CAJA PALMINI 4 PACK,,OA FOODS LLC,OA FOODS LLC,16,Pesos,16,0
72530,JELLY BELLY BEANANZA 20 FLAVOR 1.45 OZ,GOMITAS,JELLY BELLY,JELLY BELLY,15.5,Pesos,0,8
8053,SP STRAWS STAW 12/24/2 OZ,GOMITAS,,AMERICAN LICORICE COMPANY,15,Pesos,0,8
8241,SP STRWS APPLE 144/1.5 OZ,GOMITAS,,AMERICAN LICORICE COMPANY,15,Pesos,0,8
AT30782,GOMITAS DE OSITOS  80GRSx30,GOMITAS,HARIBO,HARIBO,14.65,Pesos,0,8
AT31662,GOMITAS HAPPY COLA  80GRSx30,GOMITAS,HARIBO,HARIBO,14.65,Pesos,0,8
AT37733,GOMITAS GUSANOS 80GRS x 30,GOMITAS,HARIBO,HARIBO,14.65,Pesos,0,8
AT38087,GOMITAS DURAZNOS 80GRS x 30,GOMITAS,HARIBO,HARIBO,14.65,Pesos,0,8
AT72772,GOMITAS STARMIX 80GRSx30,GOMITAS,HARIBO,HARIBO,14.65,Pesos,0,8
17230070108 B,HUEVO SORPRESA PLASTICO C/DULCES BABY SHARK  ( 6 PZAS X 8 G ),DOLCI IBERICA,DOLCI IBERICA,DOLCI IBERICA,14,Pesos,0,8
17230070108 C,HUEVO SORPRESA PLASTICO C/DULCES CRY BABIES  ( 6PZAS X 8 G ),DOLCI IBERICA,DOLCI IBERICA,DOLCI IBERICA,14,Pesos,0,8
17230070108 T,HUEVO SORPRESA PLASTICO C/DULCES TORTUGAS  ( 6 PZAS X 8 G ),DOLCI IBERICA,DOLCI IBERICA,DOLCI IBERICA,14,Pesos,0,8
200747,PEZ REPUESTO SABOR FRUTAS CON 8 ROLLOS,DULCE C/AZ,PEZ,PEZ,14,Pesos,0,8
200747 KIO,PEZ REPUESTO SABOR FRUTAS CON 8 ROLLOS,DULCE C/AZ,PEZ,PEZ,14,Pesos,0,8
427001,ALG STRAWBERRY FILL STICK  75GRS,DULCE C/AZ,FASCINI,FASCINI,14,Pesos,0,8
85254150605 B,PINTALABIOS BARBIE (12 PZAS X 5 G),DOLCI IBERICA,DOLCI IBERICA,DOLCI IBERICA,14,Pesos,0,8
85254150605 P,PINTALABIOS PAW PATROL ( 12 PZAS X 5 G ),DOLCI IBERICA,DOLCI IBERICA,DOLCI IBERICA,14,Pesos,0,8
RBF02,RIZOPIA PASTA FETUCCINE INTEGRAL 16 OZ.,,RIZOPIA,RIZOPIA,13.5,Pesos,0,0
RBF03,RIZOPIA PASTA FUSILLI INTEGRAL 16 OZ.,,RIZOPIA,RIZOPIA,13.5,Pesos,0,0
RBP04,RIZOPIA PASTA PENNE INTEGRAL 16 OZ.,,RIZOPIA,RIZOPIA,13.5,Pesos,0,0
RBS01,RIZOPIA PASTA SPAGUETTI ARROZ INTEGRAL 16 OZ.,,RIZOPIA,RIZOPIA,13.5,Pesos,0,0
ROP11,RIZOPIA PASTA INTEGRAL ORGANICA SPAGUETTI 16 OZ.,,RIZOPIA,RIZOPIA,13.5,Pesos,0,0
ROP13,RIZOPIA PASTA INTEGRAL ORGANICA PENNE 16 OZ.,,RIZOPIA,RIZOPIA,13.5,Pesos,0,0
RWS01,RIZOPIA PASTA SPAGUETTI DE ARROZ 16 OZ.,,RIZOPIA,RIZOPIA,13.5,Pesos,0,0
CTH01,PRETZEL CON CHILE,PAN,,,13,Pesos,0,8
BOXMR250,CAJA RITTER PARA 15 MINI RITTER,EMPAQUES CHOCOLATE,RITTER,RITTER,12.89,Pesos,16,0
8303917 HAM,XTREME MORAS CHUPA CHUPS 57G,DULCES,PERFETTI VAN MELLE MEXICO,PERFETTI VAN MELLE MEXICO,12.47,Pesos,0,0
8304187 HAM,XTREME ARCOIRIS CHUPA CHUPS 57G,DULCES,PERFETTI VAN MELLE MEXICO,PERFETTI VAN MELLE MEXICO,12.47,Pesos,0,0
8304296 HAM,FRIKI FRUTS 57 GRS,DULCES,PERFETTI VAN MELLE MEXICO,PERFETTI VAN MELLE MEXICO,12.42,Pesos,0,0
111699-80 STO,MAMBA FRUTAS AGRIDULCES  3B,NULL,STORCK,STORCK,12,Pesos,0,8
226808,MANGO ENCHILADO 50 GRS,FRUTA SECA,BALMORO,TODO ES BOTANEABLE,12,Pesos,0,8
226815,PI�A ENCHILADA 50 GRS,FRUTA SECA,BALMORO,TODO ES BOTANEABLE,12,Pesos,0,8
61983,JELLY BELLY 20 FLAVOR ASST BOX  1 OZ,GOMITAS,JELLY BELLY,JELLY BELLY,12,Pesos,0,8
FT05 HAM,TAMARINDO CON CHILE 60 G,DULCES,,CHECOLINES,11.34,Pesos,0,0
230216 PZA,PASTEL CON RELLENO CREMOSO SABOR BAILEYS 39G,PASTELITO BAILEYS,INTERCANDY,INTERCANDY,11,Pesos,0,8
35330,ROLLOS DE FRESA AGRIDULCE,AGRIDULCES,FOREIGN,FOREIGN,11,Pesos,0,0
35332,ROLLOS SANDIA AGRIDULCE 42.5 g.,AGRIDULCES,FOREIGN,FOREIGN,11,Pesos,0,0
35334,ROLLOS DE MORA AGRIDULCES 42.5 g.,AGRIDULCES,FOREIGN,FOREIGN,11,Pesos,0,0
35403,ROLLOS DE MORA AZUL 42.5 g.,AGRIDULCES,FOREIGN,FOREIGN,11,Pesos,0,0
35423,ROLLOS DE MANZANA 42.5 g.,AGRIDULCES,FOREIGN,FOREIGN,11,Pesos,0,0
79260,JELLY BELLY FLIP TOP BOX 10 SABORES SURTIDOS 28 GRS.,NULL,JELLY BELLY,JELLY BELLY,11,Pesos,0,8
8303917,XTREME MORAS CHUPA CHUPS 57G,DULCES,PERFETTI VAN MELLE MEXICO,PERFETTI VAN MELLE MEXICO,11,Pesos,0,8
8304187,XTREME ARCOIRIS CHUPA CHUPS 57G,DULCES,PERFETTI VAN MELLE MEXICO,PERFETTI VAN MELLE MEXICO,11,Pesos,0,8
AB3193A,CHOCO CON LECHE RITTER 16.7 G,TABLETAS CHOCOLATE,RITTER,RITTER,11,Pesos,0,8
401AI,MINICHOCOLATE RITTER LECHE CON CORN FLAKES,MINIRITTER,RITTER,RITTER,10.8,Pesos,0,0
402AI,MINICHOCOLATE RITTER LECHE CON WAFFER,MINIRITTER,RITTER,RITTER,10.8,Pesos,0,0
404AI,MINICHOCOLATE RITTER LECHE CON TROZOS AVELLANAS,MINIRITTER,RITTER,RITTER,10.8,Pesos,0,0
405AI,MINICHOCOLATE RITTER LECHE CON PRALIN�,MINIRITTER,RITTER,RITTER,10.8,Pesos,0,0
406AI,MINICHOCOLATE RITTER AMARGO CON MAZAP�N,MINIRITTER,RITTER,RITTER,10.8,Pesos,0,0
407AI,MINICHOCOLATE RITTER LECHE,MINIRITTER,RITTER,RITTER,10.8,Pesos,0,0
408AI,MINICHOCOLATE RITTER LECHE CON YOGURTH,MINIRITTER,RITTER,RITTER,10.8,Pesos,0,0
8304153 HAM,XTREME BITES BAGS 57 GRS,DULCES,PERFETTI VAN MELLE MEXICO,PERFETTI VAN MELLE MEXICO,10.69,Pesos,0,0
5725 CH HAM,TAMARINDO CONFITADO CON CHILE 80 G,DULCES,,CHECOLINES,10.66,Pesos,0,0
35280,LIQUIDO MEGA WARHEADS .125 Oz.,AGRIDULCES,FOREIGN,FOREIGN,10.5,Pesos,0,0
226846,GOMITA DE FRUTAS ENCHILADOS 50 GRS,GOMITAS,BALMORO,TODO ES BOTANEABLE,10,Pesos,0,8
4381,PALETA DE DEXTROSA CON DULCE LIQUIDO AGRIDULCE 40 G,DULCES,,BERBER PRODUCTOS,10,Pesos,0,8
523200,GOMITA DE AROS ENCHILADOS 50 GRS,GOMITAS,BALMORO,TODO ES BOTANEABLE,10,Pesos,0,8
EXHIMOSTRADOR 6G,EXHIBIDOR BLANCO DE MOSTRADOR DE 6 GANCHOS PEZ,NULL,PEZ,PEZ,10,Pesos,16,0
1236090105,JUGUETE CON CUERDA FIGURAS NAVIDAD,DOLCI IBERICA,DOLCI IBERICA,DOLCI IBERICA,9.9,Pesos,16,0
2236090105,JUGUETE CON CUERDA FIGURAS HALLOWEEN,DOLCI IBERICA,DOLCI IBERICA,DOLCI IBERICA,9.9,Pesos,16,0
FT05,TAMARINDO CON CHILE 60 G,DULCES,,CHECOLINES,9.75,Pesos,0,8
CRRCHCUBO,NULL,RITTER 65,RITTER,NULL,9.64,Pesos,16,0
AT30713,GOMITAS DE OSITOS  35 GRSx50,GOMITAS,HARIBO,HARIBO,9.35,Pesos,0,8
AT31676,GOMITAS HAPPY COLA  35 GRSx50,GOMITAS,HARIBO,HARIBO,9.35,Pesos,0,8
5725 CH,TAMARINDO CONFITADO CON CHILE 80 G,DULCES,,CHECOLINES,8.97,Pesos,0,8
8304070,AH BITES FRUIT 65 GRS,DULCES,PERFETTI VAN MELLE MEXICO,PERFETTI VAN MELLE MEXICO,8.6,Pesos,0,8
AT37218C,GOMITAS ROULETTE 25 G,GOMITAS,HARIBO,HARIBO,8.47,Pesos,0,8
AT38311,GOMITAS ROULETTE COLA 25 G,GOMITAS,HARIBO,HARIBO,8.47,Pesos,0,8
BOXMR116,CAJA RITTER PARA 7 CHOCOLATES 116g,EMPAQUES CHOCOLATE,RITTER,RITTER,8.4,Pesos,16,0
8304153,XTREME BITES BAGS 57 GRS,DULCES,PERFETTI VAN MELLE MEXICO,PERFETTI VAN MELLE MEXICO,8.35,Pesos,0,8
EMPTY TRAYS (O.A.F)1,CHAROLA PALMINI 4 PACK,,OA FOODS LLC,OA FOODS LLC,8,Pesos,16,0
8304757,PALETA CRAZY DIPS SABOR FRESA 12g,DULCES,PERFETTI VAN MELLE MEXICO,PERFETTI VAN MELLE MEXICO,7.4,Pesos,0,8
8304758,PALETA CRAZY DIPS SABOR UVA 12g,DULCES,PERFETTI VAN MELLE MEXICO,PERFETTI VAN MELLE MEXICO,7.4,Pesos,0,8
37215 HAR,PASTILLAS DE GOMITAS 25 GRS.,GOMITAS,HARIBO,HARIBO,7,Pesos,0,8
8304296,FRIKI FRUTS 57 GRS,DULCES,PERFETTI VAN MELLE MEXICO,PERFETTI VAN MELLE MEXICO,6.61,Pesos,0,8
EU6460G,CHOCO CUBO RELLENO C/TROZOS DE AVELLANA Y PRALINE EDICION ESPECIAL,NULL,RITTER,RITTER,6.5,Pesos,0,8
6450A TF,CHOCO CUBO RELLENO DE GROSELLA NEGRA,NULL,RITTER,RITTER,6.32,Pesos,0,0
6650A TF,CHOCO CUBO DOBLE CARAMELO,NULL,RITTER,RITTER,6.32,Pesos,0,0
6861A TF,CHOCO CUBO PRALINE,NULL,RITTER,RITTER,6.32,Pesos,0,0
6865A TF,CHOCO CUBO YOGURT,NULL,RITTER,RITTER,6.32,Pesos,0,0
6866A TF,CHOCO CUBO YOGURT DE FRESA,NULL,RITTER,RITTER,6.32,Pesos,0,0
6877A TF,CHOCO CUBO RELLENO C/TROZOS DE AVELLANA Y PRALINE,NULL,RITTER,RITTER,6.32,Pesos,0,0
6884A TF,CHOCO CUBO RELLENO  DE CHOCOLATE CRISP,NULL,RITTER,RITTER,6.32,Pesos,0,0
8304841,MENTOS ROL FANTA 29.7 GRS,DULCES,PERFETTI VAN MELLE MEXICO,PERFETTI VAN MELLE MEXICO,6,Pesos,0,8
UE6880A,CHOCO CUBO RELLENO DE MOUSSE DE COCOA,CHOCOLATES,RITTER,RITTER,5.85,Pesos,0,8
UE6881A,CHOCO CUBO RELLENO DE YOGURTH DE FRESA,CHOCOLATES,RITTER,RITTER,5.85,Pesos,0,8
8304260 HAM,MENTOS AIR ACTION 29.7 GRS,DULCES,PERFETTI VAN MELLE MEXICO,PERFETTI VAN MELLE MEXICO,5.4,Pesos,0,0
8304437 HAM,MENTOS ROLL YERBABUENA 29.7 GRS,DULCES,PERFETTI VAN MELLE MEXICO,PERFETTI VAN MELLE MEXICO,5.4,Pesos,0,0
857022 HAM,MENTOS ROLL MENTA 29.7 GRS,DULCES,PERFETTI VAN MELLE MEXICO,PERFETTI VAN MELLE MEXICO,5.4,Pesos,0,0
857303 HAM,MENTOS ROLL FRUTAS 29.7 GRS,DULCES,PERFETTI VAN MELLE MEXICO,PERFETTI VAN MELLE MEXICO,5.4,Pesos,0,0
8304437,MENTOS ROLL YERBABUENA 29.7 GRS,DULCES,PERFETTI VAN MELLE MEXICO,PERFETTI VAN MELLE MEXICO,5,Pesos,0,8
6450A,CHOCO CUBO RELLENO DE GROSELLA NEGRA,NULL,RITTER,RITTER,4.84,Pesos,0,8
6877A,CHOCO CUBO RELLENO C/TROZOS DE AVELLANA Y PRALINE,NULL,RITTER,RITTER,4.84,Pesos,0,8
8304233,PALETA CHUPA CHUPS XXL 29 GRS,DULCES,PERFETTI VAN MELLE MEXICO,PERFETTI VAN MELLE MEXICO,4.65,Pesos,0,8
CRRCCC3,CORRUGADO CCC3 (15.5X15.5X22.5),NULL,RITTER,RITTER,4.5,Pesos,16,0
MRBEAST-3,ESTUCHE TRIPACK MR. BEAST,CHOCOLATES,FEASTABLES,FEASTABLES,4.39,Pesos,16,0
37215,PASTILLAS DE GOMITAS 25 GRAMOS.,GOMITAS,HARIBO,HARIBO,4.2,Pesos,0,8
8304260,MENTOS AIR ACTION 29.7 GRS,DULCES,PERFETTI VAN MELLE MEXICO,PERFETTI VAN MELLE MEXICO,4.2,Pesos,0,8
8304789,MENTOS ROLL FRESA 29.7 GRS,DULCES,PERFETTI VAN MELLE MEXICO,PERFETTI VAN MELLE MEXICO,4.2,Pesos,0,8
8304789 HAM,MENTOS ROLL FRESA 29.7 GRS,DULCES,PERFETTI VAN MELLE MEXICO,PERFETTI VAN MELLE MEXICO,4.2,Pesos,0,0
857022,MENTOS ROLL MENTA 29.7 GRS,DULCES,PERFETTI VAN MELLE MEXICO,PERFETTI VAN MELLE MEXICO,4.2,Pesos,0,8
857303,MENTOS ROLL FRUTAS 29.7 GRS,DULCES,PERFETTI VAN MELLE MEXICO,PERFETTI VAN MELLE MEXICO,4.2,Pesos,0,8
857712,MENTOS ROLL SOUR 29.7 GRS,DULCES,PERFETTI VAN MELLE MEXICO,PERFETTI VAN MELLE MEXICO,4.2,Pesos,0,8
MRBEAST - 6 ,ESTUCHE SIXPACK MR. BEAST,CHOCOLATES,FEASTABLES,FEASTABLES,3.98,Pesos,16,0
